covariate,mean_treated,mean_control,smd_raw,smd_weighted,ps_coef_std
L_ret,0.369,0.052,0.240,-0.191,-0.005
L_ret5,2.103,0.264,0.669,0.247,0.171
L_rv5,16.753,13.646,0.234,0.259,0.152
L_lvl_pct3y,0.979,0.931,0.984,0.680,0.813
L_d_dxy5,0.953,0.055,0.614,0.245,0.191
L_d_asia5,0.600,0.061,0.748,0.294,0.155
L_vix,31.715,25.480,0.378,0.156,-0.167
L_d_vix5,6.032,0.046,0.776,0.274,0.560
L_d_dgs2_5,-0.012,-0.010,-0.014,0.078,-0.022
L_d_cny5,0.637,0.052,0.761,0.171,0.309
L_d_kospi5,-3.744,-0.176,-0.708,-0.325,0.114
L_for_flow5,-14.608,-6.656,-0.262,-0.142,0.018
L_p_filt_k3_s2,0.666,0.520,0.341,0.254,0.253
L_flow_missing,0.229,0.288,-0.137,-0.137,-0.104
spell_dur,10.143,21.328,-0.389,-0.362,-1.223
L_n_dep_past20,1.514,0.668,0.613,0.506,0.111
dow1,0.086,0.208,-0.350,-0.380,-0.414
dow2,0.200,0.201,-0.003,-0.190,-0.041
dow3,0.257,0.190,0.162,0.288,0.109
dow4,0.257,0.196,0.145,0.332,0.120
