trade_date,stated_date,speakers,intensity,joint,official,actual,confidence,usdkrw,ret_t,pre5,post5,post5_abn,post20,rv5_pre,rv5_post,p_stress_lag,lvl_pct_lag,in_risk20,in_risk_nc20,seq_5
2000-11-21,2000-11-21,재정경제부 (외환관계기관 회의),2,False,True,Y,2.00,1168.00,0.95,1.39,2.73,3.00,4.15,8.22,13.46,0.07,,0.00,0.00,1
2001-04-05,2001-04-05,이재욱,3,False,True,Y,3.00,1352.00,-1.25,5.02,-3.19,-3.11,-4.41,18.48,11.91,1.00,1.00,1.00,1.00,1
2003-03-11,2003-03-11,정부/재정경제부 (unnamed),2,False,False,U,1.00,1225.80,-1.39,4.81,0.55,-0.20,1.18,19.24,15.72,1.00,0.51,0.00,0.00,1
2008-03-17,2008-03-17,기획재정부 (최중경 제1차관 / 외환당국),2,False,False,Y,2.00,1021.45,2.41,4.13,0.49,0.88,-2.16,15.95,20.06,1.00,0.75,0.00,0.00,1
2008-07-07,2008-07-07,기획재정부·한국은행 (외환당국),3,False,False,Y,2.00,1044.50,-0.42,0.68,-4.74,-4.04,-3.21,12.14,22.53,0.96,0.99,1.00,1.00,1
2008-07-23,2008-07-23,강만수,2,False,False,U,1.00,1009.00,-0.49,0.76,-0.79,-1.33,3.61,4.82,3.90,0.00,0.82,0.00,0.00,1
2008-09-02,2008-09-02,기획재정부 (강만수 장관 / 김동수 제1차관),2,False,False,Y,1.00,1134.45,1.63,3.49,-3.18,-3.19,6.05,19.46,30.75,1.00,1.00,1.00,1.00,1
2008-09-16,2008-09-16,강만수,2,False,False,U,1.00,1159.75,3.68,3.33,0.84,1.64,9.72,19.32,45.84,1.00,1.00,1.00,1.00,1
2008-10-06,2008-10-05,신제윤,1,False,False,U,3.00,1267.40,3.74,5.11,6.77,6.45,4.53,26.62,75.53,1.00,1.00,1.00,1.00,1
2008-10-06,2008-10-06,강만수,2,False,False,Y,1.00,1267.40,3.74,5.11,6.77,6.45,4.53,26.62,75.53,1.00,1.00,1.00,1.00,2
2008-10-08,2008-10-08,기획재정부·한국은행,3,True,False,Y,1.00,1415.25,6.33,9.64,-9.56,-9.61,-3.10,46.22,76.34,1.00,1.00,1.00,1.00,3
2008-10-09,2008-10-09,이성태,1,False,False,U,3.00,1381.40,-2.42,16.93,-13.42,-14.08,-11.12,64.13,64.15,1.00,1.00,1.00,1.00,4
2008-10-20,2008-10-19,강만수·이성태·전광우,3,True,True,U,3.00,1315.00,-1.38,2.04,7.06,6.96,4.83,88.25,53.43,1.00,1.00,1.00,1.00,1
2008-10-30,2008-10-30,강만수·이성태,3,True,True,U,3.00,1250.18,-13.22,0.59,-11.94,-10.69,3.47,27.15,97.33,1.00,1.00,1.00,1.00,1
2009-03-06,2009-03-06,외환당국 (기획재정부·한국은행),3,False,False,Y,1.00,1549.60,-1.12,3.53,-4.73,-4.04,-16.44,22.50,29.97,1.00,1.00,1.00,1.00,2
2010-05-26,2010-05-26,임종룡,2,False,True,U,3.00,1253.20,0.26,8.69,-2.76,-1.80,-5.51,32.04,25.89,1.00,0.76,0.00,0.00,1
2010-11-24,2010-11-24,임종룡,2,False,True,U,3.00,1146.00,-1.39,2.81,-0.41,-0.43,-0.59,25.71,13.68,1.00,0.49,0.00,0.00,1
2011-09-15,2011-09-15,은성수,1,False,True,U,3.00,1113.25,0.52,3.38,3.98,2.80,5.02,20.23,19.05,1.00,0.17,0.00,0.00,1
2011-09-20,2011-09-20,최종구,2,False,False,U,2.00,1140.00,0.05,5.66,3.59,1.46,0.78,26.50,22.60,1.00,0.38,0.00,0.00,2
2011-09-23,2011-09-23,기획재정부·한국은행 거시정책협의회 (발언자 미표기),3,True,True,Y,3.00,1164.90,-1.26,5.80,-0.60,-0.68,-2.81,25.01,17.19,1.00,0.58,0.00,0.00,3
2011-10-04,2011-10-04,외환당국 (기획재정부; 발언자 미확인),2,False,True,Y,2.00,1197.50,1.47,-0.08,-1.02,-0.23,-5.93,12.06,14.93,0.96,0.59,0.00,0.00,1
2011-12-20,2011-12-20,박재완,2,False,False,U,2.00,1157.00,-1.59,2.26,-1.70,-1.39,-2.82,11.50,13.10,0.84,0.64,0.00,0.00,1
2012-05-25,2012-05-25,외환당국 관계자 (미상),1,False,False,U,1.00,1185.00,0.70,0.94,0.28,-0.23,-1.97,6.96,6.91,0.00,0.79,0.00,0.00,1
2013-06-20,2013-06-20,현오석,1,False,False,U,1.00,1145.90,1.38,0.22,2.17,0.34,-1.19,5.39,13.20,0.00,0.64,0.00,0.00,1
2015-08-12,2015-08-12,외환당국 관계자 (미상),1,False,False,U,2.00,1175.03,-0.54,1.72,0.38,-0.90,1.20,15.95,5.30,1.00,1.00,1.00,1.00,1
2015-08-21,2015-08-21,주형환,1,False,True,U,2.00,1194.60,0.75,0.81,-1.29,-1.19,-1.92,3.82,12.43,0.00,1.00,0.00,0.00,1
2015-12-17,2015-12-17,최경환,2,False,True,U,2.00,1187.70,0.89,-0.39,-3.15,-2.93,3.32,9.65,19.91,0.24,0.95,0.00,1.00,1
2016-02-19,2016-02-19,홍승제 (한국은행 국제국장); 황건일 (기획재정부 국제금융정책국장),3,True,True,U,3.00,1231.09,-0.00,2.82,0.51,0.36,-6.31,9.66,6.69,0.40,1.00,0.00,1.00,1
2016-06-24,2016-06-24,유일호 | 최상목,3,True,True,U,3.00,1167.56,2.10,-2.86,0.95,1.11,-0.52,10.85,21.02,0.87,0.72,0.00,0.00,1
2016-11-09,2016-11-09,최상목,2,False,True,U,3.00,1150.64,1.69,-0.99,3.37,2.17,3.48,7.99,14.53,0.01,0.63,0.00,0.00,1
2019-05-13,2019-05-13,이호승,2,False,True,U,1.00,1186.94,0.87,0.91,1.56,0.85,0.39,9.25,6.93,0.04,0.96,0.00,1.00,1
2019-08-06,2019-08-06,방기선,2,False,True,U,2.00,1214.83,-0.06,2.68,0.02,0.03,-0.28,12.81,4.70,0.98,1.00,1.00,1.00,1
2019-08-07,2019-08-07,"홍남기 (with 이주열, 최종구, 윤석헌)",3,True,True,U,1.00,1214.46,-0.03,2.74,0.48,0.25,-0.20,12.78,5.51,0.98,1.00,1.00,1.00,2
2020-03-13,2020-03-13,김용범,2,False,False,U,1.00,1211.70,0.46,2.10,3.64,1.28,1.11,13.48,13.07,1.00,0.96,1.00,1.00,1
2020-03-18,2020-03-18,기획재정부·한국은행·금융위원회 (joint press release),3,True,True,U,1.00,1245.19,0.34,3.93,0.71,-1.17,-1.96,14.34,14.17,1.00,1.00,1.00,1.00,2
2020-03-19,2020-03-19,한국은행 (with 기획재정부),3,True,True,U,1.00,1250.86,0.45,4.18,-1.38,-2.46,-1.67,14.53,18.71,1.00,1.00,1.00,1.00,3
2022-04-25,2022-04-25,외환당국 (기재부 국제금융국·한은 국제국),3,True,True,Y,2.00,1249.87,0.82,0.95,1.30,0.72,2.25,4.19,13.16,0.00,0.99,0.00,0.00,1
2022-04-28,2022-04-28,홍남기,2,False,False,U,3.00,1271.50,0.17,2.72,-0.33,-0.47,-0.38,9.90,10.52,0.07,1.00,0.00,1.00,2
2022-04-29,2022-04-29,기획재정부 (speaker not confirmed),1,False,False,U,1.00,1255.87,-1.24,2.66,-1.22,-1.10,-0.29,9.84,11.65,0.04,1.00,0.00,1.00,3
2022-05-13,2022-05-13,외환당국 관계자,1,False,False,U,1.00,1283.51,-0.40,2.56,-0.92,-0.50,-2.49,12.15,9.84,0.98,1.00,1.00,1.00,1
2022-06-13,2022-06-13,김성욱·김현기,3,True,True,U,3.00,1283.69,1.23,2.05,1.51,1.04,2.45,9.28,9.29,0.13,0.99,0.00,1.00,1
2022-06-23,2022-06-23,추경호,2,False,False,U,2.00,1300.86,0.28,0.55,0.09,0.01,1.22,3.68,8.81,0.00,1.00,0.00,0.00,3
2022-08-23,2022-08-23,외환당국 (기재부 국제금융국·한은 국제국) | 윤석열 | 추경호,3,True,True,U,3.00,1339.40,0.00,2.54,0.77,0.41,3.93,9.72,10.81,0.11,1.00,0.00,1.00,1
2022-09-05,2022-09-05,추경호 (비상거시경제금융회의; 이창용·김주현·이복현·최상목 참석),1,True,False,U,2.00,1370.95,0.64,2.30,1.06,1.34,4.97,14.23,7.09,1.00,1.00,1.00,1.00,1
2022-09-14,2022-09-14,방기선,1,False,False,U,3.00,1391.10,1.25,-0.38,1.17,0.62,4.39,4.01,11.25,0.00,0.99,0.00,0.00,1
2022-09-15,2022-09-15,외환당국 (기재부 국제금융국·한은 국제국) | 추경호,3,True,True,Y,3.00,1393.93,0.20,0.53,0.35,-0.56,2.32,9.45,7.54,0.26,1.00,0.00,1.00,2
2022-09-19,2022-09-19,외환당국 (관계자),3,True,False,Y,2.00,1393.05,0.62,0.56,1.79,0.52,3.10,10.41,10.10,0.15,1.00,0.00,1.00,3
2022-09-22,2022-09-22,추경호 | 추경호 (비상거시경제금융회의; 이창용·김주현·이복현 참석),3,True,False,Y,3.00,1412.29,1.17,0.35,3.14,1.76,2.14,7.54,17.58,0.06,1.00,0.00,1.00,4
2022-09-23,2022-09-23,외환당국 (기획재정부·한국은행),3,True,True,U,3.00,1409.42,-0.20,1.31,1.88,0.71,1.36,11.10,15.52,0.66,1.00,1.00,1.00,5
2022-09-26,2022-09-26,이창용,1,False,False,U,3.00,1432.47,1.62,1.79,1.57,0.99,2.17,10.10,15.89,0.43,1.00,0.00,1.00,6
2022-10-05,2022-10-05,추경호,2,False,False,Y,3.00,1410.74,-1.06,0.24,0.67,0.28,-0.67,10.84,13.12,0.89,0.99,1.00,1.00,1
2022-11-04,2022-11-04,추경호 (비상거시경제금융회의; 이창용·김주현·이복현 참석),2,True,False,U,3.00,1423.99,0.00,0.35,-3.32,-0.39,-9.18,5.54,18.65,0.00,0.98,0.00,1.00,1
2022-11-10,2022-11-10,추경호,1,False,False,U,2.00,1377.52,0.92,-3.84,-2.85,-1.51,-3.17,17.68,32.80,1.00,0.94,1.00,1.00,2
2024-04-16,2024-04-16,외환당국 (신중범 기재부 국제금융국장·오금화 한은 국제국장 명의 긴급 공지),3,True,True,Y,3.00,1393.92,0.74,2.22,-0.13,-0.33,-1.14,11.11,9.77,0.48,0.95,0.00,1.00,1
2024-04-17,2024-04-17,이창용 | 최상목·스즈키 슌이치,3,False,True,U,2.00,1385.88,-0.58,2.85,-1.06,-1.12,-1.82,12.26,8.34,0.91,0.95,1.00,1.00,2
2024-04-18,2024-04-18,최상목·재닛 옐런·스즈키 슌이치,3,False,True,U,1.00,1373.42,-0.90,2.69,-1.16,-1.35,-1.87,12.58,8.74,0.97,0.95,1.00,1.00,3
2024-11-06,2024-11-06,최상목 (거시경제·금융현안 간담회/F4; 이창용·김병환·이복현 참석),2,True,False,U,1.00,1399.98,1.42,-0.14,2.01,1.21,3.39,3.44,14.96,0.00,0.89,0.00,0.00,1
2024-11-14,2024-11-14,최상목 / 외환당국 (speaker to be confirmed),2,False,False,U,1.00,1402.77,-0.10,0.30,-0.34,-0.35,1.71,11.25,4.75,0.92,0.96,1.00,1.00,1
2024-12-04,2024-12-04,최상목·이창용·김병환·이복현 (F4 긴급회의),3,True,True,U,2.00,1412.16,-1.10,2.21,0.33,0.47,3.08,12.47,9.57,0.96,0.98,1.00,1.00,1
2024-12-19,2024-12-19,최상목 (F4; 이창용·김병환·이복현 참석) / 외환당국·국민연금,3,True,True,U,2.00,1446.06,0.55,0.67,2.03,1.44,1.31,3.34,7.80,0.00,0.99,0.00,0.00,1
2024-12-20,2024-12-20,최상목 (F4),3,True,True,U,1.00,1444.52,-0.11,1.15,1.67,1.96,0.36,5.12,6.88,0.00,1.00,0.00,0.00,2
2025-04-09,2025-04-09,"외환당국 (기획재정부/한국은행, 미상)",1,False,False,U,1.00,1472.75,-0.35,0.47,-3.50,-1.34,-7.07,10.63,19.43,0.16,1.00,0.00,1.00,1
2025-10-13,2025-10-13,외환당국 (관계자 코멘트),1,False,False,U,2.00,1427.60,-0.06,1.57,-0.46,-0.07,2.26,6.53,5.81,0.00,0.88,0.00,1.00,1
2025-11-14,2025-11-14,구윤철 (주재); 이창용; 이억원; 이찬진,2,True,True,U,3.00,1453.20,-0.83,1.10,0.50,-0.25,0.41,7.87,7.80,0.00,0.97,0.00,1.00,1
2025-12-24,2025-12-24,김재환; 윤경수,3,True,True,Y,3.00,1443.62,-2.59,0.61,-2.52,-2.69,-1.16,2.90,19.12,0.00,1.00,0.00,0.00,1
2025-12-26,2025-12-25,한국은행,2,False,True,U,2.00,1441.16,-0.17,-2.15,0.06,-0.27,1.33,18.55,5.32,1.00,0.87,1.00,1.00,2
2026-01-02,2026-01-02,이창용,1,False,False,U,2.00,1444.45,-0.01,-2.52,0.52,0.41,-0.74,19.12,2.53,1.00,0.87,1.00,1.00,3
2026-01-15,2026-01-15,이창용,1,False,False,U,3.00,1469.39,0.35,1.16,0.11,-0.21,-1.19,8.97,7.28,0.02,0.94,0.00,1.00,1
2026-01-21,2026-01-21,이창용,1,False,False,U,2.00,1465.95,-0.84,0.17,-2.80,-1.59,-2.32,6.94,12.25,0.00,1.00,0.00,1.00,2
2026-03-31,2026-03-31,한국은행,2,False,True,U,2.00,1523.50,0.32,1.77,-0.74,-0.24,-3.03,5.94,6.31,0.00,1.00,0.00,1.00,1
2026-05-22,2026-05-22,외환당국 (재정경제부·한국은행 공동 메시지),3,True,True,U,3.00,1517.33,0.59,1.11,-0.83,-0.63,2.11,10.20,6.94,0.32,0.99,0.00,1.00,1
2026-06-04,2026-06-04,구윤철,2,False,False,U,3.00,1531.91,0.91,1.31,0.08,-0.50,2.12,6.01,18.77,0.00,1.00,0.00,1.00,1
2026-06-08,2026-06-07,구윤철 (주재); 신현송; 이억원; 이찬진,3,True,True,U,3.00,1528.23,-1.80,3.40,-2.41,-2.50,-1.60,13.59,15.80,0.99,1.00,1.00,1.00,2
2026-06-08,2026-06-08,이재명 | 이형렬; 윤경수,3,True,True,Y,3.00,1528.23,-1.80,3.40,-2.41,-2.50,-1.60,13.59,15.80,0.99,1.00,1.00,1.00,3
