group,n,mean_ret_t,mean_pre5,mean_post5,mean_post5_abn,mean_post20,share_post5_neg,mean_rv5_pre,mean_rv5_post,share_in_risk20,share_in_risk_nc20,share_conf_ge_med
전체(약세 억제),74,0.101,2.088,-0.289,-0.462,-0.109,0.446,14.618,18.427,0.405,0.689,0.716
순수(실개입 보도 없음),56,-0.055,1.910,-0.117,-0.301,0.179,0.411,14.375,16.871,0.393,0.696,0.696
실개입 동반,18,0.588,2.642,-0.825,-0.964,-1.005,0.556,15.372,23.270,0.444,0.667,0.778
순수·공식,28,-0.401,1.859,0.010,-0.231,0.342,0.393,15.396,16.184,0.429,0.714,0.786
순수·비공식,28,0.291,1.960,-0.244,-0.371,0.016,0.429,13.355,17.558,0.357,0.679,0.607
순수·강도1,18,0.335,1.947,-0.470,-0.542,-0.496,0.444,14.628,18.468,0.389,0.722,0.722
순수·강도2,21,0.236,1.831,0.131,-0.090,0.572,0.429,12.595,14.084,0.238,0.571,0.667
순수·강도3,17,-0.828,1.967,-0.051,-0.306,0.408,0.353,16.307,18.622,0.588,0.824,0.706
순수·단발,38,0.036,1.650,0.250,0.131,0.788,0.368,13.744,17.488,0.289,0.632,0.711
순수·반복,18,-0.247,2.457,-0.892,-1.213,-1.107,0.500,15.707,15.568,0.611,0.833,0.667
