year,curb_appreciation,curb_depreciation,two_sided,unclear,dep_pure,dep_hq,dep_official
2000,0,1,0,0,0,0,1
2001,0,1,0,0,0,0,1
2002,5,0,0,1,0,0,0
2003,3,1,0,0,1,0,0
2004,5,0,0,2,0,0,0
2005,1,0,0,0,0,0,0
2006,2,0,0,0,0,0,0
2007,1,0,0,1,0,0,0
2008,3,13,0,0,6,4,2
2009,2,2,0,1,0,0,0
2010,1,2,0,0,2,2,2
2011,0,5,0,0,3,3,3
2012,5,1,0,0,1,0,0
2013,3,1,0,0,1,0,0
2014,5,0,0,0,0,0,0
2015,0,2,1,1,2,2,2
2016,0,3,0,0,3,3,3
2017,2,0,0,0,0,0,0
2018,1,0,0,0,0,0,0
2019,0,3,0,0,3,1,3
2020,1,3,0,0,3,0,2
2022,0,16,2,3,10,8,5
2024,0,8,0,0,7,3,6
2025,0,5,0,5,4,3,3
2026,0,8,0,2,7,7,4
total,40,75,3,16,53,36,37
