treatment,outcome,n,n_treated,naive,iptw,iptw_se,aipw
D_dep_official,exit10,1277,22,0.1820,0.2605,0.1208,0.4154
D_dep_official,exit20,1277,22,0.1502,0.2016,0.1160,0.2657
D_dep_official,cr5,1277,22,-0.4691,-0.3865,0.3803,-1.0411
D_dep_joint,exit10,1277,20,0.0247,0.2086,0.1434,0.4166
D_dep_joint,exit20,1277,20,0.0022,0.1568,0.1404,0.2750
D_dep_joint,cr5,1277,20,-0.3135,-0.2217,0.7115,0.3200
D_dep_hi,exit10,1277,37,0.0780,0.1534,0.1119,0.1538
D_dep_hi,exit20,1277,37,0.0635,0.1246,0.0938,0.1084
D_dep_hi,cr5,1277,37,-0.5291,-0.5549,0.4987,-1.0757
D_dep_first5,exit10,1277,27,0.0968,0.1029,0.0939,0.1218
D_dep_first5,exit20,1277,27,0.0855,0.1342,0.0927,0.1263
D_dep_first5,cr5,1277,27,-0.2145,-0.4218,0.3563,-0.2073
D_dep_rep5,exit10,1277,22,-0.0030,0.1264,0.1761,0.2254
D_dep_rep5,exit20,1277,22,0.0115,0.0690,0.1711,0.1252
D_dep_rep5,cr5,1277,22,-1.2942,-1.3283,0.8809,-0.7924
D_dep_pure|small_global_shock,exit10,639,16,0.1902,0.1857,0.1694,0.1281
D_dep_pure|small_global_shock,cr5,639,16,-0.4629,-0.5952,0.6162,-1.3989
D_dep_pure|large_global_shock,exit10,638,19,0.0273,0.0941,0.1642,0.1509
D_dep_pure|large_global_shock,cr5,638,19,-0.5761,-0.6114,0.5204,-0.4611
