treatment,outcome,n,n_treated,naive,iptw,iptw_se,aipw,iptw_ci_lo,iptw_ci_hi,aipw_ci_lo,aipw_ci_hi
D_dep,exit5,498,25,-0.0079,0.0718,0.1413,0.0969,,,,
D_dep,exit10,498,25,-0.0949,-0.0460,0.1311,-0.0050,,,,
D_dep,exit20,498,25,-0.0661,-0.1298,0.1258,-0.1367,,,,
D_dep,cr1,498,25,-0.3292,-0.6916,0.4426,-0.2299,,,,
D_dep,cr5,498,25,-1.6692,-1.2743,0.5529,-1.5406,,,,
D_dep,cr20,498,25,-0.6463,0.4147,0.3873,2.1371,,,,
D_dep,ab1,498,25,-0.3581,-0.5949,0.4768,0.0396,,,,
D_dep,ab5,498,25,-1.7745,-1.1305,0.4840,-1.0525,,,,
D_dep,ab20,498,25,-1.0118,0.3849,0.3342,2.1217,,,,
D_dep,dvol5,498,25,8.7641,5.0698,4.2128,9.9101,,,,
D_dep,dvol20,498,25,8.1035,5.0021,2.8310,6.2971,,,,
D_dep_pure,exit5,498,20,0.0860,0.1339,0.1428,0.2108,-0.1029,0.4786,-0.0297,0.5130
D_dep_pure,exit10,498,20,-0.0835,-0.0355,0.1351,0.0422,-0.3695,0.2309,-0.3236,0.2797
D_dep_pure,exit20,498,20,-0.0029,-0.0845,0.1276,-0.0409,-0.2854,0.2812,-0.1901,0.2595
D_dep_pure,cr1,498,20,-0.6807,-0.6611,0.4773,0.4839,,,,
D_dep_pure,cr5,498,20,-0.8816,-0.4343,0.3369,0.1078,-2.4158,1.1261,-1.8221,1.7440
D_dep_pure,cr20,498,20,0.1972,1.1242,0.8207,3.0600,,,,
D_dep_pure,ab1,498,20,-0.7578,-0.6008,0.5263,0.5794,,,,
D_dep_pure,ab5,498,20,-1.0808,-0.3312,0.2203,0.3711,-2.6123,1.1361,-1.5095,2.4738
D_dep_pure,ab20,498,20,-0.3064,0.8539,0.6856,2.4648,,,,
D_dep_pure,dvol5,498,20,6.8273,4.1378,4.1310,-0.3460,-4.1910,13.4166,-7.2479,12.8551
D_dep_pure,dvol20,498,20,6.2358,4.7474,3.0438,4.9692,,,,
D_dep_hq,exit5,498,13,0.0966,0.1182,0.1599,0.2149,-0.2338,0.4652,-0.1081,0.4740
D_dep_hq,exit10,498,13,-0.0704,-0.0496,0.1571,0.0471,-0.3902,0.3829,-0.2898,0.3955
D_dep_hq,exit20,498,13,-0.0898,-0.1083,0.1494,-0.0480,-0.3820,0.2068,-0.2993,0.2003
D_dep_hq,cr1,498,13,-1.2973,-1.5776,1.2120,-0.2216,,,,
D_dep_hq,cr5,498,13,-1.3172,-1.8289,1.2113,-0.0785,-3.2477,0.8369,-2.3207,1.8253
D_dep_hq,cr20,498,13,0.1353,0.0857,1.1651,1.2010,,,,
D_dep_hq,ab1,498,13,-1.2546,-1.3951,1.2403,0.0250,,,,
D_dep_hq,ab5,498,13,-1.3221,-1.6622,1.1347,0.2208,-2.8424,0.3854,-2.1684,1.7553
D_dep_hq,ab20,498,13,-0.4637,-0.2261,0.9975,0.7008,,,,
D_dep_hq,dvol5,498,13,7.2600,9.3904,7.7837,3.1825,-6.2693,18.4813,-6.1659,16.5397
D_dep_hq,dvol20,498,13,6.5794,4.3908,2.9869,5.1115,,,,
