shift_days,outcome,n,n_treated,naive,iptw,iptw_se,aipw
-5,exit10,1277,28,0.0103,0.0520,0.1112,0.1010
-5,cr5,1277,28,2.1814,1.8942,0.5505,-0.0450
-3,exit10,1277,30,0.0249,0.0916,0.1133,0.2395
-3,cr5,1277,30,1.5619,1.3493,0.3095,1.8541
0,exit10,1277,35,0.0985,0.1339,0.1120,0.2930
0,cr5,1277,35,-0.5294,-0.8676,0.5519,-1.1805
3,exit10,1277,41,0.0680,0.0505,0.0839,0.2380
3,cr5,1277,41,-0.3076,-0.3088,0.2766,-0.4051
5,exit10,1277,39,0.1124,0.1734,0.1039,0.2875
5,cr5,1277,39,0.4775,0.8235,0.4050,0.2289
