start,end,days,krw_start,krw_peak,krw_end
2000-12-04,2000-12-06,3,1220.0,1220.0,1201.0
2000-12-26,2001-01-16,15,1252.5,1285.8,1283.8
2001-03-22,2001-04-13,17,1324.0,1369.0,1325.3
2001-04-19,2001-05-04,12,1299.0,1328.0,1292.5
2008-03-17,2008-03-20,4,1021.5,1021.5,1009.1
2008-05-07,2008-05-13,5,1030.0,1047.0,1047.0
2008-06-17,2008-06-23,5,1021.8,1036.8,1036.8
2008-07-02,2008-07-08,5,1036.5,1048.8,1026.2
2008-08-25,2009-05-18,189,1077.8,1570.1,1260.5
2009-05-26,2009-05-28,3,1264.2,1264.4,1261.8
2009-06-22,2009-07-14,17,1278.6,1309.0,1294.2
2013-06-21,2013-06-27,5,1156.0,1161.3,1147.7
2015-03-13,2015-03-18,4,1135.7,1135.7,1127.1
2015-07-30,2015-08-17,13,1173.4,1181.5,1181.5
2015-08-27,2015-09-02,5,1170.5,1183.5,1183.5
2015-09-21,2015-09-25,5,1179.2,1195.5,1190.1
2015-10-05,2015-10-09,5,1158.5,1160.7,1145.7
2015-10-15,2015-10-22,6,1120.9,1137.1,1131.5
2015-11-09,2015-11-13,5,1160.4,1169.8,1169.8
2015-11-25,2015-11-30,4,1140.7,1154.4,1149.4
2015-12-07,2016-01-12,25,1172.7,1209.0,1209.0
2016-02-04,2016-02-16,9,1186.1,1219.4,1219.4
2016-03-03,2016-03-23,15,1209.5,1209.5,1166.6
2016-05-04,2016-05-10,5,1164.6,1174.2,1169.9
2016-06-24,2016-06-28,3,1167.6,1181.2,1169.3
2016-11-11,2016-11-15,3,1164.9,1171.2,1170.2
2016-12-15,2016-12-22,6,1185.3,1204.7,1204.7
2017-01-05,2017-01-20,12,1182.5,1200.5,1176.3
2019-06-20,2019-06-26,5,1159.0,1163.2,1156.4
2019-08-05,2019-08-09,5,1215.5,1215.5,1214.2
2020-03-02,2020-04-03,25,1190.9,1267.2,1230.6
2020-04-30,2020-05-08,7,1204.0,1228.8,1216.5
2020-06-05,2020-06-11,5,1202.8,1202.8,1196.3
2022-03-09,2022-03-22,10,1234.0,1242.7,1217.1
2022-04-29,2022-05-12,10,1255.9,1288.7,1288.7
2022-05-30,2022-06-07,7,1237.1,1255.3,1255.3
2022-06-13,2022-06-16,4,1283.7,1290.0,1286.8
2022-08-29,2022-09-07,8,1349.8,1383.7,1383.7
2022-09-22,2022-10-14,17,1412.3,1440.5,1428.1
2022-11-07,2022-12-15,29,1402.0,1402.0,1302.9
2023-02-13,2023-03-20,26,1277.0,1324.5,1310.7
2023-03-27,2023-03-30,4,1301.0,1303.4,1298.9
2023-04-17,2023-04-20,4,1311.4,1325.3,1323.3
2024-03-22,2024-03-28,5,1338.1,1348.6,1346.0
2024-04-16,2024-04-22,5,1393.9,1393.9,1381.8
2024-05-31,2024-06-06,5,1385.4,1385.4,1365.5
2024-11-06,2024-11-13,6,1400.0,1408.3,1404.2
2024-12-03,2024-12-10,6,1427.8,1432.6,1432.6
2025-04-10,2025-04-17,6,1450.4,1450.4,1416.1
2025-05-08,2025-05-16,7,1403.6,1418.7,1401.2
2025-12-24,2025-12-31,5,1443.6,1444.5,1444.5
2026-01-26,2026-01-30,5,1441.5,1444.5,1444.5
2026-03-03,2026-03-18,12,1485.6,1500.2,1500.2
2026-04-08,2026-04-22,11,1477.1,1486.9,1480.6
2026-05-07,2026-05-19,9,1453.8,1508.5,1508.5
2026-06-05,2026-06-24,14,1556.0,1556.0,1542.5
