date,direction,n_statements,intensity,joint,official,actual,speakers,institutions,statement,time_kst,usdkrw_level,confidence,placeholder,source_urls,src_files,trade_date,date_shifted,tidx,cluster_3,seq_3,cluster_5,seq_5,cluster_10,seq_10,repeated_5
2000-11-21,curb_depreciation,1,2,False,True,Y,재정경제부 (외환관계기관 회의),MOEF,"재정경제부, 외환관계기관 회의에서 ""환율의 단기급등은 바람직하지 않다""는 입장 재확인; 환율 폭등세가 지속될 경우 본격적인 시장대응에 나설 방침",,1170.0,2.0,False,https://www.hankookilbo.com/news/article/200011220018488869 ; https://www.hankookilbo.com/news/article/200011250091725978,events_2000_2004.csv,2000-11-21,False,231,36,1,30,1,27,1,False
2001-04-05,curb_depreciation,1,3,False,True,Y,이재욱,BOK,"긴급 기자간담회: ""외환수급상 문제는 없으나 시장 참가자들의 과민반응 때문에 원·달러 환율이 이상급등하고 있다"" / ""외환시장 안정을 위해 보다 확실한 조치를 취하겠다"" / ""지금까지 구두 개입도 했고 간접적으로 달러 공급을 늘리는 조치도 취했지만 시장의 과민 반응을 잠재울 수 없었다"" / ""6일 이후 시장 상황을 보아 한은이 활용할 수 있는 모든 처방을 동원, 단호히 대처할 계획""",,1360.0,3.0,False,https://www.hankookilbo.com/news/article/200104060070050228 ; https://www.hankookilbo.com/news/article/200104060093733243 ; https://www.hankookilbo.com/news/article/200104050012506142 ; https://www.hankookilbo.com/news/article/200104070033737770,events_2000_2004.csv,2001-04-05,False,326,37,1,31,1,28,1,False
2002-01-03,unclear,1,1,False,False,U,진념,MOEF,"""日, 엔低정책 재고해야"": 엔저를 경기회복 수단으로 사용하는 것은 바람직하지 않으며 아시아 경제에 심각한 부정적 영향을 줄 수 있다 (paraphrase)",,1320.0,1.0,False,https://www.hankookilbo.com/news/article/200201040091579898 ; https://www.hankookilbo.com/news/article/200112280026109561 ; https://www.hankookilbo.com/news/article/200201050037945507,events_2000_2004.csv,2002-01-03,False,519,91,1,80,1,66,1,False
2002-01-08,curb_appreciation,1,2,False,True,U,진념,MOEF,"국무회의 보고: ""향후 환율이 계속 크게 변동할 경우 적절한 수급대책을 마련하겠다"" (헤드라인: ""엔低 지속땐 적절 대책"" … 환율개입 방침 공식화)",,1320.0,2.0,False,https://www.hankookilbo.com/news/article/200201090070135059,events_2000_2004.csv,2002-01-08,False,522,1,1,1,1,1,1,False
2002-05-27,curb_appreciation,1,2,False,False,U,전윤철,MOEF,"""원화가치가 올라가고 있는 것은 우리경제의 펀더멘털과 실물 경제동향을 반영한 것이나 원화가치 급상승 속도에는 우려하고 있다"" / ""필요하면 대책을 강구할 계획""",,1233.8,2.0,False,https://www.hankookilbo.com/news/article/200205280019273831 ; https://www.hankookilbo.com/news/article/200205290075746687,events_2000_2004.csv,2002-05-27,False,621,2,1,2,1,2,1,False
2002-05-28,curb_appreciation,1,2,False,False,U,재정경제부 (관계자),MOEF,(paraphrase) 원화가치 상승이 상대적으로 급격한 데 대해 우려하며 시장안정을 위해 필요한 조치를 취할 것; 환율 하락 속도는 늦출 필요가 있으나 하락 추세 자체를 되돌릴 수는 없다는 입장 (시장개입 검토),,1235.0,1.0,False,https://www.hankookilbo.com/news/article/200205290024430997 ; https://www.hankookilbo.com/news/article/200205290056630306,events_2000_2004.csv,2002-05-28,False,622,2,2,2,2,2,2,True
2002-07-09,curb_appreciation,1,3,False,True,Y,재정경제부,MOEF,"(paraphrase) 당초 계획에 없던 외평채 5,000억원(5년 만기)을 12일 발행하기로 결정하는 등 본격적 환율방어 착수; 외평채 잔액 2조8,000억원 조기발행, 외화부채가 많은 공기업에 달러 조기상환 요청 및 외자유치 연기 요청 등 직간접 시장개입",,1182.2,2.0,False,https://www.hankookilbo.com/news/article/200207100053709386 ; https://www.hankookilbo.com/news/article/200207090071976555 ; https://www.hankookilbo.com/news/article/200207090081714444,events_2000_2004.csv,2002-07-09,False,652,3,1,3,1,3,1,False
2002-07-10,curb_appreciation,1,2,False,False,Y,김용덕 (및 재경부 관계자),MOEF,"재경부 관계자: ""원화의 급격한 '나홀로 강세'는 반드시 그때그때 잡고 넘어갈 것""; 김용덕 국제업무정책관: 최근 환율 급락은 외국인 주식매수에 따른 외화유입 외에 환율 추가하락 기대에 따른 기업들의 리딩·래깅 때문이며 ""이 같은 현상이 증폭돼 비정상적인 환투기로 발전하지 않도록 시장을 주시하고 있다""",,1180.0,2.0,False,https://www.hankookilbo.com/news/article/200207110091228325,events_2000_2004.csv,2002-07-10,False,653,3,2,3,2,3,2,True
2003-02-06,curb_appreciation,1,3,False,True,Y,김용덕 / 재정경제부,MOEF,"정부: 외평채 1조원을 발행해 달러를 매입하는 등 외환수급 조절에 나서겠다고 발표 (잔여 외평채 4조원 조기발행 검토); 김용덕 국제업무정책관: ""원화가 지난 1년간 달러 대비 12% 절상돼 우리 상품의 가격경쟁력이 떨어졌다""",,1176.7,2.0,False,https://www.hankookilbo.com/news/article/200302070052967956 ; https://www.hankookilbo.com/news/article/200301160048137892,events_2000_2004.csv,2003-02-06,False,802,4,1,4,1,4,1,False
2003-03-11,curb_depreciation,1,2,False,False,U,정부/재정경제부 (unnamed),MOEF,"(headline/paraphrase) ""환율 상승세 지속땐 정부 '보유달러 매각'"": 환율 상승세가 계속되면 보유 달러를 매각해 시장에 개입하겠다는 방침",,1240.0,1.0,False,https://www.hankookilbo.com/news/article/200303120048828240 ; https://www.hankookilbo.com/news/article/200303130022552287,events_2000_2004.csv,2003-03-11,False,825,38,1,32,1,29,1,False
2003-09-22,curb_appreciation,1,2,False,False,U,재정경제부,MOEF,"(paraphrase) 외평채 발행한도 증액 등 환율방어책 검토 (헤드라인: ""'외평채 한도 증액' 정부, 환율방어책 검토"")",,1151.2,1.0,False,https://www.hankookilbo.com/news/article/200309230049849090 ; https://www.hankookilbo.com/news/article/200309220023395616,events_2000_2004.csv,2003-09-22,False,964,5,1,5,1,5,1,False
2003-09-24,curb_appreciation,1,3,False,True,Y,김광림 (금융정책협의회 주재),MOEF,(paraphrase) 김광림 차관 주재 금융정책협의회: 원·달러 환율 급락 방지를 위해 외평채 발행한도 확대 결정,,1150.0,2.0,False,https://www.hankookilbo.com/news/article/200309250041628838 ; https://www.hankookilbo.com/news/article/200310040047925983,events_2000_2004.csv,2003-09-24,False,966,5,2,5,2,5,2,True
2004-01-15,curb_appreciation,1,3,False,True,U,재정경제부,MOEF,(paraphrase) 원화가치 급등을 막기 위해 역외선물환(NDF) 거래 직접규제: 국내 은행의 비거주자 대상 선물환 매입초과포지션을 110%로 제한,,1180.0,2.0,False,https://www.hankookilbo.com/news/article/200401160063814686 ; https://www.hankookilbo.com/news/article/200401160083097293 ; https://www.hankookilbo.com/news/article/200401170074993097 ; https://www.hankookilbo.com/news/article/200402190039835349,events_2000_2004.csv,2004-01-15,False,1045,6,1,6,1,6,1,False
2004-01-20,unclear,1,1,False,False,U,박승,BOK,"경제동향간담회: ""국제수지가 양호하고 수출도 잘되고 있어 환율을 시장에 맡겨야 한다"" / ""개입이 지나치면 시장기능이 왜곡되는 것은 물론 각종 대외협상에서 불리할 수 있다""",,1180.0,2.0,False,https://www.hankookilbo.com/news/article/200401210049780843,events_2000_2004.csv,2004-01-20,False,1048,92,1,81,1,67,1,False
2004-01-29,curb_appreciation,1,3,False,True,U,재정경제부,MOEF,"""적정환율을 유지하기 위해서는 당국이 발권력을 동원해서라도 얼마든지 개입할 수 있다"" / ""환율은 중견·중소기업이 버틸 수 있는 수준은 유지해야 한다"" / ""지난해 시장개입은 투기자금 등에 따른 수급불일치를 적절히 해소한 것으로 과도한 조치가 아니었으며, 만일 개입하지 않았다면 지난해 4·4분기 마이너스 성장도 가능했을 것""",,1175.0,3.0,False,https://www.hankookilbo.com/news/article/200401300098318957 ; https://www.hankookilbo.com/news/article/200401280037075179,events_2000_2004.csv,2004-01-29,False,1055,7,1,7,1,6,2,False
2004-03-11,unclear,1,1,False,False,U,박승,BOK,"(headline only) ""韓銀총재, 환율 조정 필요성 시사""",,1170.0,1.0,False,https://www.hankookilbo.com/news/article/200403120050962367,events_2000_2004.csv,2004-03-11,False,1085,93,1,82,1,68,1,False
2004-11-15,curb_appreciation,1,1,False,False,U,외환당국 관계자 (unnamed),MOEF/BOK (unspecified),"""국내 시장이 너무 과민하게 반응하고 있다""",,1100.0,2.0,False,https://www.hankookilbo.com/news/article/200411160011131110 ; https://www.hankookilbo.com/news/article/200411180099909095 ; https://www.hankookilbo.com/news/article/200411110053840272,events_2000_2004.csv,2004-11-15,False,1262,8,1,8,1,7,1,False
2004-11-22,curb_appreciation,1,3,True,True,Y,이헌재 (with 박승),MOEF + BOK,"(paraphrase as reported) 이헌재 부총리, 박승 총재와 긴급 조찬: 국제적 달러약세 기조에도 불구하고 원·달러 환율 하락폭이 주변국에 비해 지나치게 커 실물경제의 어려움이 가중되고 있다며 한은이 환율방어에 적극적으로 나서줄 것을 강력히 주문",AM (emergency breakfast meeting),1060.0,3.0,False,https://www.hankookilbo.com/news/article/200411230088877366 ; https://www.hankookilbo.com/news/article/200411230091850661 ; https://www.hankookilbo.com/news/article/200411230021143615,events_2000_2004.csv,2004-11-22,False,1267,9,1,8,2,7,2,True
2004-11-29,curb_appreciation,1,2,False,True,U,재정경제부,MOEF,"""원·달러 환율이 지나치게 한 방향으로 치닫고 있다"" / ""이로 인해 환율이 펀더멘털(경제 기초여건)로부터 이탈할 가능성이 있다""; 환율의 급격한 하락에 대해 한국은행과 공조해 적극적으로 대응할 방침",,1045.0,1.0,False,https://www.hankookilbo.com/news/article/200411300064365351 ; https://www.hankookilbo.com/news/article/200411230091850661,events_2000_2004.csv,2004-11-29,False,1272,10,1,8,3,7,3,True
2005-07-22,curb_appreciation,1,1,False,True,U,재정경제부 (국제금융국),MOFE (재정경제부),"[unverified paraphrase] 위안화 절상에 따른 외환시장 동향을 예의주시하며, 급변동시 필요한 시장안정 조치를 강구하겠다",,1018.5,1.0,False,"none - background knowledge, verify against news archive",events_2005_2009.csv,2005-07-22,False,1441,11,1,9,1,8,1,False
2006-01-01,curb_appreciation,1,2,False,False,U,재정경제부 (한덕수 부총리 / 박병원 제1차관),MOFE (재정경제부),[unverified paraphrase; month-level placeholder] 환율 급락에 쏠림 현상이 우려된다; 필요시 시장안정 조치를 취하겠다 (해외투자 규제 완화로 달러 수요 확대 병행),,1012.8,1.0,True,"none - background knowledge, verify against news archive",events_2005_2009.csv,2006-01-02,True,1556,12,1,10,1,9,1,False
2006-05-08,curb_appreciation,1,2,False,False,U,재정경제부 고위관계자,MOFE (재정경제부),[unverified paraphrase] 환율 하락 속도가 지나치게 빠르다; 필요시 시장안정 조치를 취하겠다,,927.4,1.0,False,"none - background knowledge, verify against news archive",events_2005_2009.csv,2006-05-08,False,1646,13,1,11,1,10,1,False
2007-10-31,curb_appreciation,1,1,False,False,U,재정경제부 관계자,MOFE (재정경제부),[unverified paraphrase] 환율 900원선 붕괴 등 쏠림 현상을 예의주시하고 있다,,903.2,1.0,False,https://www.hankookilbo.com/news/article/200710300036038948,events_2005_2009.csv,2007-10-31,False,2031,14,1,12,1,11,1,False
2007-11-01,unclear,1,1,False,False,U,권오규,MOFE (재정경제부),최근 원달러 환율이 900원선을 무너지기도 했지만 수출 호조가 지속되고 있어 우리 기업들이 감내할 수 있는 수준으로 생각된다,,907.0,3.0,False,https://www.etoday.co.kr/news/view/144733,events_2005_2009.csv,2007-11-01,False,2032,94,1,83,1,69,1,False
2008-02-29,curb_appreciation,1,2,False,False,N,강만수,MOSF (기획재정부),"환율이라는 것은 경제적 주권을 방어하는 수단이고, 일종의 전쟁이다. 환율은 시장에 맡기는 사항이 아니다",,942.8,3.0,False,https://www.hankookilbo.com/news/article/200803111519750152 ; https://www.ohmynews.com/NWS_Web/View/at_pg.aspx?CNTN_CD=A0001795807 ; https://namu.wiki/w/%EA%B0%95%EB%A7%8C%EC%88%98,events_2005_2009.csv,2008-02-29,False,2116,15,1,13,1,12,1,False
2008-03-10,curb_appreciation,1,2,False,False,N,최중경,MOSF (기획재정부),[unverified paraphrase] 경상수지 적자를 방치할 수 없다; 환율 상승은 경상수지 개선에 도움이 된다 (환율 상승 용인 시사),,966.1,1.0,False,https://www.hankookilbo.com/news/article/200803111519750152,events_2005_2009.csv,2008-03-10,False,2122,16,1,14,1,12,2,False
2008-03-17,curb_depreciation,1,2,False,False,Y,기획재정부 (최중경 제1차관 / 외환당국),MOSF (기획재정부),[unverified paraphrase] 최근 환율 급등은 쏠림 현상이다; 정부는 시장 안정을 위해 필요한 조치를 취할 것이다,,1021.5,2.0,False,https://www.hankookilbo.com/news/article/200803202132844078 ; https://v.daum.net/v/2H6iYdQ9yT,events_2005_2009.csv,2008-03-17,False,2127,39,1,33,1,30,1,False
2008-04-20,curb_appreciation,1,2,False,False,N,강만수,MOSF (기획재정부),"[content not recovered] Hankookilbo 2008-04-21 08:32 headline: 강만수 재정, 선 넘은 '환율 발언' 파장",,997.5,1.0,False,https://www.hankookilbo.com/news/article/200804210832516342,events_2005_2009.csv,2008-04-21,True,2152,17,1,15,1,13,1,False
2008-06-01,curb_depreciation,1,2,False,False,Y,기획재정부 (외환당국),MOSF (기획재정부),[unverified paraphrase; month-level placeholder] 물가안정을 위해 환율 급등(쏠림)에 대응하겠다; 필요시 시장안정 조치,,1022.3,1.0,True,"none - background knowledge, verify against news archive",events_2005_2009.csv,2008-06-02,True,2182,40,1,34,1,31,1,False
2008-07-07,curb_depreciation,1,3,False,False,Y,기획재정부·한국은행 (외환당국),MOSF (기획재정부) / BOK (한국은행),[unverified paraphrase] 물가안정을 위해 외환시장 쏠림에 적극 대응하겠다 (대규모 달러 매도 개입 개시),,1044.5,2.0,False,"none - background knowledge, verify against news archive",events_2005_2009.csv,2008-07-07,False,2207,41,1,35,1,32,1,False
2008-07-23,curb_depreciation,1,2,False,False,U,강만수,MOSF (기획재정부),[unverified paraphrase] 환율 안정을 위한 시장 개입을 계속하겠다,,1009.0,1.0,False,https://www.hankookilbo.com/news/article/200807240073761532,events_2005_2009.csv,2008-07-23,False,2219,42,1,36,1,33,1,False
2008-09-02,curb_depreciation,1,2,False,False,Y,기획재정부 (강만수 장관 / 김동수 제1차관),MOSF (기획재정부),[unverified paraphrase] '9월 위기설'은 근거가 없다; 환율 급등 쏠림에는 필요시 외환보유액을 활용해 대응하겠다,,1134.5,1.0,False,"none - background knowledge, verify against news archive",events_2005_2009.csv,2008-09-02,False,2248,43,1,37,1,34,1,False
2008-09-16,curb_depreciation,1,2,False,False,U,강만수,MOSF (기획재정부),[unverified paraphrase] (리먼 파산 관련 긴급회의 후) 외환·금융시장 안정을 위해 필요한 모든 조치를 취하겠다; 외환보유액 활용,,1159.8,1.0,False,"none - background knowledge, verify against news archive",events_2005_2009.csv,2008-09-16,False,2258,44,1,38,1,34,2,False
2008-10-05,curb_depreciation,1,1,False,False,U,신제윤,MOSF (기획재정부),"상환 부담이 있는 외채는 2,680억 달러 정도이며 현재 대외채무 만기 구조나 외환보유액을 고려했을 때 충분히 커버할 수 있다. 현재의 외환보유액은 모두 즉각 동원 가능한 가용 외환보유액이다",,1220.9,3.0,False,https://www.hankookilbo.com/news/article/200810060061810576,events_2005_2009.csv,2008-10-06,True,2272,45,1,39,1,35,1,False
2008-10-06,curb_depreciation,1,2,False,False,Y,강만수,MOSF (기획재정부),[unverified paraphrase] 환율이 펀더멘털에 비해 과도하게 올랐다; 필요하면 (외환보유액을 써서라도) 반드시 개입하겠다,,1267.4,1.0,False,https://www.koreaherald.com/article/10616297,events_2005_2009.csv,2008-10-06,False,2272,45,2,39,2,35,2,True
2008-10-08,curb_depreciation,1,3,True,False,Y,기획재정부·한국은행,MOSF (기획재정부) / BOK (한국은행),[unverified paraphrase] 외환시장의 쏠림이 과도하다; 시장 안정을 위해 적극 대응하겠다 (한은 스와프 통한 달러 공급 포함),,1415.2,1.0,False,"none - background knowledge, verify against news archive",events_2005_2009.csv,2008-10-08,False,2274,45,3,39,3,35,3,True
2008-10-09,curb_depreciation,1,1,False,False,U,이성태,BOK (한국은행),환율은 과민상태… (기준금리) 인하폭이 작아 큰 영향 없을 것,,1381.4,3.0,False,https://www.hankookilbo.com/news/article/200810100072944509,events_2005_2009.csv,2008-10-09,False,2275,45,4,39,4,35,4,True
2008-10-19,curb_depreciation,1,3,True,True,U,강만수·이성태·전광우,MOSF (기획재정부) / BOK (한국은행) / FSC (금융위원회),"[paraphrase of announced measures] 국제금융시장 불안 극복방안: 은행 대외채무 1,000억달러 정부 지급보증, 300억달러 외화유동성 추가 공급",,1333.3,3.0,False,https://www.hankookilbo.com/news/article/200810200061278253,events_2005_2009.csv,2008-10-20,True,2282,46,1,40,1,35,5,False
2008-10-30,curb_depreciation,1,3,True,True,U,강만수·이성태,MOSF (기획재정부) / BOK (한국은행),[paraphrase] 한미 통화스와프 300억달러 체결 발표: 외환시장 안정에 크게 기여할 것,,1250.2,3.0,False,https://edaily.co.kr/News/Read?mediaCodeNo=257&newsId=01653126599664384 ; https://www.hankyung.com/article/200812301805g ; https://v.daum.net/v/2H6iYdQ9yT,events_2005_2009.csv,2008-10-30,False,2290,47,1,41,1,35,6,False
2008-11-01,curb_depreciation,1,2,False,False,Y,김동수,MOSF (기획재정부),정부의 대응 능력을 의심하지 말라 (Korea Herald retrospective: 'do not doubt the government's response capability'),,1262.0,1.0,True,https://www.koreaherald.com/article/10616297,events_2005_2009.csv,2008-11-03,True,2292,47,2,41,2,35,7,True
2009-02-25,unclear,1,1,False,False,U,윤증현,MOSF (기획재정부),환율 문제는 잘만 활용한다면 수출 확대의 동력이 될 수 있다. 위기 극복의 근간인 수출분야를 지속적으로 점검해야 한다. 올해 경상수지는 흑자가 될 것,,1515.7,3.0,False,https://www.etoday.co.kr/news/view/211218 ; https://www.etoday.co.kr/news/view/211224,events_2005_2009.csv,2009-02-25,False,2372,95,1,84,1,70,1,False
2009-03-01,curb_depreciation,1,2,False,False,Y,윤증현 / 허경욱,MOSF (기획재정부),"[unverified paraphrase; month-level placeholder] 환율 급등을 우려하며 시장안정 조치를 강구; '3월 위기설은 근거가 희박한 루머일 뿐', '1분기에 만기가 도래하는 일본계 차입 규모는 20억달러도 안 된다'",,1570.1,1.0,True,https://www.etoday.co.kr/news/view/211218,events_2005_2009.csv,2009-03-02,True,2375,48,1,42,1,36,1,False
2009-03-06,curb_depreciation,1,3,False,False,Y,외환당국 (기획재정부·한국은행),MOSF (기획재정부) / BOK (한국은행),[unverified paraphrase] 환율 쏠림이 과도하다; 적극 대응하겠다,,1549.6,1.0,False,"none - background knowledge, verify against news archive",events_2005_2009.csv,2009-03-06,False,2379,49,1,42,2,36,2,True
2009-10-01,curb_appreciation,1,1,False,False,Y,윤증현 / 기획재정부,MOSF (기획재정부),[unverified paraphrase; month-level placeholder] 최근 환율 하락 속도가 다소 빠르다; 예의주시하고 있다,,1173.3,1.0,True,"none - background knowledge, verify against news archive",events_2005_2009.csv,2009-10-01,False,2528,18,1,16,1,14,1,False
2009-11-01,curb_appreciation,1,2,False,False,Y,신제윤 / 외환당국,MOSF (기획재정부) / BOK (한국은행),[unverified paraphrase; month-level placeholder] 환율 하락의 쏠림 현상에는 적극 대응하겠다,,1181.0,1.0,True,"none - background knowledge, verify against news archive",events_2005_2009.csv,2009-11-02,True,2550,19,1,17,1,15,1,False
2010-04-15,curb_appreciation,1,1,False,False,Y,허경욱,기획재정부,"""환율 절상이 과도한 측면이 있다""",,1107.5,2.0,False,https://www.hankookilbo.com/news/article/201004150858104357; https://www.seoul.co.kr/news/economy/2010/04/13/20100413003006; https://www.seoul.co.kr/news/economy/2010/04/27/20100427800044,events_2010_2015.csv,2010-04-15,False,2666,20,1,18,1,16,1,False
2010-05-26,curb_depreciation,1,2,False,True,U,임종룡,기획재정부,"""외환시장에 지나친 쏠림 현상이 일어나지 않도록 상황을 예의주시하고 있으며 필요한 조치를 신속하고 적극적으로 취해나갈 것"" / ""시장 불안이 없도록 외화자금 시장을 점검하고 필요 시 외화유동성을 충분히 공급하겠다"" (한은과 협력해 적극적 시장안정조치)",,1250.0,3.0,False,https://www.seoul.co.kr/news/economy/2010/05/26/20100526800022; https://www.etoday.co.kr/news/view/320006; https://www.seoul.co.kr/news/economy/securities/2010/05/26/20100526001009; https://www.etoday.co.kr/news/view/319874,events_2010_2015.csv,2010-05-26,False,2695,50,1,43,1,37,1,False
2010-11-24,curb_depreciation,1,2,False,True,U,임종룡,기획재정부,"""금융·외환시장의 상황을 예의주시하고 과도한 불안심리로 인해 시장이 급변하지 않도록 적기에 대응하겠다"" / ""과도한 심리불안 등으로 쏠림현상이 발생하는 경우 정부와 한국은행이 긴밀히 협조해 적극적인 시장안정 조치를 시행하겠다"" / ""필요 시 원화 및 외화 유동성을 충분히 공급하는 등 금융시장의 안정을 위한 추가대응 방안을 강구하겠다""",07:30,1137.5,3.0,False,https://www.etoday.co.kr/news/view/380128; https://www.etoday.co.kr/news/view/380084; https://edaily.co.kr/News/Read?mediaCodeNo=257&newsId=01813846593169000; https://edaily.co.kr/News/Read?mediaCodeNo=257&newsId=01505526593169000; https://epts.kdi.re.kr/archive/frwdHist/view2?EPIC_NUM=110590; https://www.fsc.go.kr/no010101/69789; https://www.seoul.co.kr/news/politics/2010/11/23/20101123800113,events_2010_2015.csv,2010-11-24,False,2825,51,1,44,1,38,1,False
2011-09-15,curb_depreciation,1,1,False,True,U,은성수,기획재정부,"""어떤 방향이든 환율의 지나친 급변동은 바람직하지 않다"" / ""시장 상황을 예의주시하고 있다""",,1110.0,3.0,False,https://edaily.co.kr/News/Read?mediaCodeNo=257&newsId=02102486596380448; https://edaily.co.kr/News/Read?mediaCodeNo=257&newsId=02292726596380448; https://www.seoul.co.kr/news/economy/2011/09/23/20110923800069,events_2010_2015.csv,2011-09-15,False,3036,52,1,45,1,39,1,False
2011-09-20,curb_depreciation,1,2,False,False,U,최종구,기획재정부,"""조정의 계기가 있을 것"" (강도 높은 실개입 예고)",,1140.0,2.0,False,https://www.seoul.co.kr/news/economy/2011/09/23/20110923800069,events_2010_2015.csv,2011-09-20,False,3039,52,2,45,2,39,2,True
2011-09-23,curb_depreciation,1,3,True,True,Y,기획재정부·한국은행 거시정책협의회 (발언자 미표기),기획재정부·한국은행,"""외환시장의 쏠림현상을 완화하기 위한 필요한 조치를 취하겠다""",07:30,1179.8,3.0,False,https://www.seoul.co.kr/news/economy/2011/09/23/20110923800069; https://edaily.co.kr/News/Read?mediaCodeNo=257&newsId=01620326596383072; https://edaily.co.kr/News/Read?mediaCodeNo=257&newsId=01466166596383072; https://edaily.co.kr/News/Read?mediaCodeNo=257&newsId=02266486596383072; https://edaily.co.kr/News/Read?mediaCodeNo=257&newsId=01495686596383072; https://edaily.co.kr/News/Read?mediaCodeNo=257&newsId=02351766596384056,events_2010_2015.csv,2011-09-23,False,3042,52,3,45,3,39,3,True
2011-10-04,curb_depreciation,1,2,False,True,Y,외환당국 (기획재정부; 발언자 미확인),기획재정부,"""환율은 시장에서 결정되지만 급등락과 일방적 쏠림을 완화하기 위해 노력하겠다"" (검색엔진 영문 요약을 재번역한 문구; 원문 확인 필요)",,1208.2,2.0,False,https://www.seoul.co.kr/news/economy/2011/10/05/20111005007009; https://edaily.co.kr/News/Read?mediaCodeNo=257&newsId=01551446596409640; https://edaily.co.kr/News/Read?mediaCodeNo=257&newsId=02591206596409640,events_2010_2015.csv,2011-10-04,False,3049,53,1,46,1,39,4,False
2011-12-20,curb_depreciation,1,2,False,False,U,박재완,기획재정부,"""김정일 사망으로 인한 환율급등을 예의주시하고 필요시 시장안정을 위한 적절한 조치를 취할 것""",,1174.8,2.0,False,https://edaily.co.kr/News/Read?mediaCodeNo=257&newsId=01466166596480488; https://www.seoul.co.kr/news/economy/2011/12/19/20111219800168; https://www.seoul.co.kr/news/economy/2011/12/19/20111219800083; https://www.etoday.co.kr/news/view/520493,events_2010_2015.csv,2011-12-20,False,3104,54,1,47,1,40,1,False
2012-05-25,curb_depreciation,1,1,False,False,U,외환당국 관계자 (미상),기획재정부/한국은행 (미상),"""(시장) 동향 예의주시"" (시장 감시 강화)",,1185.5,1.0,False,https://www.seoul.co.kr/news/economy/2012/05/28/20120528012014; https://www.seoul.co.kr/news/economy/2012/05/29/20120529021016; https://edaily.co.kr/News/Read?mediaCodeNo=257&newsId=01197206599531216; https://www.etoday.co.kr/news/view/586304,events_2010_2015.csv,2012-05-25,False,3216,55,1,48,1,41,1,False
2012-10-25,curb_appreciation,1,1,False,False,U,박재완,기획재정부,"""환율, 속도나 변동성에 유의"" (헤드라인)",,1098.2,1.0,False,https://edaily.co.kr/News/Read?mediaCodeNo=257&newsId=02043446599696528; https://edaily.co.kr/News/Read?mediaCodeNo=257&newsId=02407526599696528; https://www.seoul.co.kr/news/economy/2012/10/26/20121026001016,events_2010_2015.csv,2012-10-25,False,3325,21,1,19,1,17,1,False
2012-10-26,curb_appreciation,1,2,False,True,Y,외환당국 (기획재정부; 발언자 미확인),기획재정부,"""원화 강세 속도가 너무 빠르다"" / 시장 흐름이 한쪽으로 쏠리는 데 대한 우려 (검색 요약 기준)",,1095.0,2.0,False,https://www.seoul.co.kr/news/economy/2012/10/26/20121026001016; https://edaily.co.kr/News/Read?mediaCodeNo=257&newsId=01223446599697512; https://www.hankookilbo.com/news/article/201210251166391937,events_2010_2015.csv,2012-10-26,False,3326,21,2,19,2,17,2,True
2012-11-21,curb_appreciation,1,2,False,False,U,박재완,기획재정부,"""시장 동향을 예의주시하고 있다"" / ""(환율 하락이) 더 가팔라지는 상황이 오면 실행할 수 있는 준비를 서둘러야 한다"" / ""여러 가지를 연구개발하는 단계""",,1080.0,2.0,False,https://www.seoul.co.kr/news/economy/2012/11/22/20121122020015; https://www.hankookilbo.com/news/article/201212111171714658,events_2010_2015.csv,2012-11-21,False,3344,22,1,20,1,18,1,False
2012-11-27,curb_appreciation,1,3,True,True,U,기획재정부·금융위원회·한국은행,기획재정부·금융위원회·한국은행,"[UNVERIFIED THIS SESSION - background knowledge only] 선물환포지션 한도 축소 발표 (국내은행 40%→30%, 외은지점 200%→150%; 12/1 시행)",,1085.0,1.0,False,(no primary source retrieved this session; context: https://www.hankookilbo.com/news/article/201212111171714658),events_2010_2015.csv,2012-11-27,False,3348,23,1,20,2,18,2,True
2012-12-01,curb_appreciation,1,1,False,False,U,신제윤,기획재정부,"""환율, 한 방향으로 가는 것에 상당한 우려"" (헤드라인)",,1070.0,1.0,True,https://edaily.co.kr/News/Read?mediaCodeNo=257&newsId=01794166599757536; https://edaily.co.kr/News/Read?mediaCodeNo=257&newsId=01810566599757536,events_2010_2015.csv,2012-12-03,True,3352,24,1,20,3,18,3,True
2013-01-01,curb_appreciation,1,1,False,False,U,신제윤,기획재정부,"""환시장 예의주시"" (헤드라인, edaily [환율전쟁] 시리즈)",,1055.0,1.0,True,https://edaily.co.kr/News/Read?mediaCodeNo=257&newsId=01223446602673456,events_2010_2015.csv,2013-01-02,True,3372,25,1,21,1,19,1,False
2013-01-08,curb_appreciation,1,1,False,True,U,기획재정부 (최근경제동향/그린북 1월호),기획재정부,투자 부진과 환율 변동폭 확대 등이 국내 경제의 우려 요인 … 금융·외환시장 모니터링 강화 (그린북 문안 요지),,1063.0,2.0,False,https://www.seoul.co.kr/news/economy/2013/01/09/20130109017012,events_2010_2015.csv,2013-01-08,False,3376,26,1,21,2,19,2,True
2013-06-20,curb_depreciation,1,1,False,False,U,현오석,기획재정부,"""버냉키 QE축소 발언 이후 국내 외환·금융시장도 동요하고 있다"" / ""QE축소 가능성에 대비해 리스크관리에 만전을 기할 것""",,1145.0,1.0,False,https://www.etoday.co.kr/news/view/752573; https://www.asiae.co.kr/article/2015072310375873510,events_2010_2015.csv,2013-06-20,False,3493,56,1,49,1,42,1,False
2013-10-24,curb_appreciation,1,3,True,True,Y,최희남 / 유상대,기획재정부·한국은행,"""정부와 한은은 최근 달러·원 환율의 일방적인 하락 움직임이 다소 과도하다고 생각하며 시장 내 쏠림현상이 심화하는 것에 대해 우려하고 있다"" / ""당국은 이러한 시장 동향을 예의주시하고 있으며 과도한 쏠림이 계속되면 이를 완화하는 조처를 할 것""",,1054.3,3.0,False,https://www.seoul.co.kr/news/economy/2013/10/25/20131025016016; https://edaily.co.kr/News/Read?mediaCodeNo=257&newsId=03194726602976200; https://edaily.co.kr/News/Read?mediaCodeNo=257&newsId=02679766602976200; https://www.etoday.co.kr/news/view/810256,events_2010_2015.csv,2013-10-24,False,3583,27,1,22,1,20,1,False
2014-04-10,curb_appreciation,1,2,False,False,Y,이주열,한국은행,"""환율 쏠림 땐 시장안정 노력"" (헤드라인; 취임 후 첫 금통위 기자간담회)",,1031.4,2.0,False,https://www.seoul.co.kr/news/economy/2014/04/10/20140410500131; https://www.etoday.co.kr/news/view/899253; https://www.seoul.co.kr/news/economy/2014/04/10/20140410014013; https://www.seoul.co.kr/news/economy/2014/04/12/20140412011011,events_2010_2015.csv,2014-04-10,False,3701,28,1,23,1,21,1,False
2014-06-09,curb_appreciation,1,2,False,True,U,최희남,기획재정부,"""시장 쏠림을 유발하는 투기적 움직임에 대해서는 단호히 대응해 나갈 것""",,1016.2,1.0,False,https://www.seoul.co.kr/news/economy/2014/06/10/20140610001008; https://www.seoul.co.kr/news/economy/2014/06/11/20140611006015; https://edaily.co.kr/News/Read?mediaCodeNo=257&newsId=03138966606120080; https://www.etoday.co.kr/news/view/923604; https://edaily.co.kr/News/Read?mediaCodeNo=257&newsId=02263206606087280,events_2010_2015.csv,2014-06-09,False,3743,29,1,24,1,22,1,False
2014-06-12,curb_appreciation,1,1,False,False,U,이주열,한국은행,"""환율 쏠림현상 일부 있었다"" (헤드라인)",,1017.0,2.0,False,https://edaily.co.kr/News/Read?mediaCodeNo=257&newsId=02463286606121064,events_2010_2015.csv,2014-06-12,False,3746,29,2,24,2,22,2,True
2014-07-02,curb_appreciation,2,3,True,True,U,기획재정부 외화자금과장 / 한국은행 외환시장팀장 (공동) | 현오석,기획재정부 | 기획재정부·한국은행,"""시장이 지나치게 한 방향으로 쏠릴 가능성을 우려한다"" || ""원·달러 환율의 쏠림 현상은 바람직하지 않다""",,1009.2,3.0,False,https://www.seoul.co.kr/news/economy/2014/07/03/20140703014010; https://www.etoday.co.kr/news/view/942705; https://www.etoday.co.kr/news/view/942479; https://edaily.co.kr/News/Read?mediaCodeNo=257&newsId=02168086606150584; https://www.hankookilbo.com/news/article/201407021948228162 ; https://www.seoul.co.kr/news/economy/2014/07/03/20140703014010,events_2010_2015.csv,2014-07-02,False,3760,30,1,25,1,23,1,False
2014-07-08,curb_appreciation,1,2,False,False,U,최경환,기획재정부 (장관 후보자),"""최근 환율 조금 급하다…외환시장 안정시킬 것"" / '급격한 변동성' 우려 / ""환율에 대해서는 기본적으로 시장에 맡겨야 한다""",,1011.0,3.0,False,https://edaily.co.kr/News/Read?mediaCodeNo=257&newsId=02725686606152552; https://edaily.co.kr/News/Read?mediaCodeNo=257&newsId=02801126606152552; https://www.seoul.co.kr/news/economy/2014/07/08/20140708800069,events_2010_2015.csv,2014-07-08,False,3764,31,1,25,2,23,2,True
2015-07-23,unclear,1,1,False,False,U,최경환,기획재정부,[content not retrieved] 발언이 원화 약세를 용인하는 것으로 해석되어 환율이 1160원선까지 급등,,1160.0,1.0,False,https://www.etoday.co.kr/news/view/1166969; https://www.asiae.co.kr/article/2015072310375873510,events_2010_2015.csv,2015-07-23,False,4033,96,1,85,1,71,1,False
2015-08-12,two_sided,1,1,False,False,U,외환당국 관계자 (미상),기획재정부/한국은행 (미상),"""위안화 절하 추세 이어질 듯…모니터링 강화"" (헤드라인)",,1180.0,2.0,False,https://www.seoul.co.kr/news/economy/2015/08/12/20150812800185,events_2010_2015.csv,2015-08-12,False,4047,88,1,78,1,64,1,False
2015-08-21,curb_depreciation,1,1,False,True,U,주형환,기획재정부,북한 포격도발의 금융시장 영향은 과거 경험상 제한적일 것으로 예상되나 미·중 등 대외 불확실성이 커진 만큼 시장 모니터링을 강화 (요지),,1195.0,2.0,False,https://www.hankookilbo.com/news/article/201508210973736589; https://www.etoday.co.kr/news/view/1184843; https://edaily.co.kr/News/Read?mediaCodeNo=257&newsId=01525206609470600; https://www.etoday.co.kr/news/view/1186003,events_2010_2015.csv,2015-08-21,False,4054,57,1,50,1,43,1,False
2015-12-17,curb_depreciation,1,2,False,True,U,최경환,기획재정부,"""금융·외환 변동 지속 가능성…필요시 시장안정조치 시행"" (korea.kr 헤드라인) / ""향후 美 금리인상 시기 불확실…상황 변화에 대응""",,1175.0,2.0,False,https://www.korea.kr/news/policyNewsView.do?newsId=148941459; https://www.seoul.co.kr/news/economy/2015/12/17/20151217800087; https://www.insnews.co.kr/news/articleView.html?idxno=92889; https://www.etoday.co.kr/news/view/1254695,events_2010_2015.csv,2015-12-17,False,4138,58,1,51,1,44,1,False
2016-02-19,curb_depreciation,1,3,True,True,U,홍승제 (한국은행 국제국장); 황건일 (기획재정부 국제금융정책국장),MOEF+BOK,한은과 정부는 최근 원/달러 환율의 움직임과 변동성이 과도하다고 생각하고 시장 내 쏠림현상이 심화되는 것에 대해 우려하고 있다 (…) 외환 당국은 지나친 쏠림에 대해 대응한다는 입장에 변화가 없으며 이를 위해 필요한 조치를 다할 것,intraday (before close; rate fell 11.8 won within ~10 min of statement),1234.4,3.0,False,https://www.seoul.co.kr/news/economy/2016/02/19/20160219800094; https://www.seoul.co.kr/news/economy/2016/02/20/20160220006018; https://www.hankookilbo.com/news/article/201602191591239475; https://edaily.co.kr/News/Read?mediaCodeNo=257&newsId=02794566612552160,events_2016_2021.csv,2016-02-19,False,4182,59,1,52,1,45,1,False
2016-06-24,curb_depreciation,2,3,True,True,U,유일호 | 최상목,MOEF,"정부는 대처할 수 있는 충분한 정책 수단과 의지를 갖추고 있다 (…) 필요시 신속하고 단호하게 대응할 것이며, 주요20개국(G20) 등과의 공조도 강화하겠다 || 외환시장 변동성이 확대되는 만큼 스무딩 오퍼레이션을 포함한 시장 안정화 조치를 취하겠다 (headline: 가용 수단 모두 동원해 외환·금융시장 안정)","14:00 (긴급 거시경제금융회의, 서울 은행회관)",1179.9,3.0,False,https://www.seoul.co.kr/news/economy/2016/06/24/20160624800085; https://www.hankookilbo.com/news/article/201606241426633534; https://www.etoday.co.kr/news/view/1348072 ; https://www.seoul.co.kr/news/economy/2016/06/24/20160624800113; https://www.seoul.co.kr/news/economy/2016/06/24/20160624500100; https://www.hankookilbo.com/news/article/201606241479704573; https://www.hankookilbo.com/news/article/201606241730206475,events_2016_2021.csv,2016-06-24,False,4272,60,1,53,1,46,1,False
2016-11-09,curb_depreciation,1,2,False,True,U,최상목,MOEF,과도한 변동성에 대해서는 신속하게 시장안정조치를 하겠다,morning (거시경제금융회의),1149.5,3.0,False,https://www.seoul.co.kr/news/economy/2016/11/09/20161109800109; https://www.seoul.co.kr/news/economy/finance/2016/11/09/20161109500144; https://edaily.co.kr/News/Read?mediaCodeNo=257&newsId=04119686612844080,events_2016_2021.csv,2016-11-09,False,4370,61,1,54,1,47,1,False
2017-11-03,curb_appreciation,1,1,False,False,U,김동연,MOEF,[headline wording] 원화 강세 속도 과도… (시장을) 예의주시 중,,1113.8,1.0,False,https://www.hankookilbo.com/news/article/201711031791796310; https://edaily.co.kr/News/Read?mediaCodeNo=257&newsId=03165206616122112; https://edaily.co.kr/News/Read?mediaCodeNo=257&newsId=03211126616122112,events_2016_2021.csv,2017-11-03,False,4626,32,1,26,1,24,1,False
2017-11-16,curb_appreciation,1,1,False,False,U,김동연,MOEF,[as paraphrased in edaily retrospective] (환율에) 과도한 쏠림이 있는지 살펴보겠다,,1104.5,2.0,False,https://edaily.co.kr/News/Read?mediaCodeNo=257&newsId=03909766616128672; https://www.seoul.co.kr/news/economy/securities/2017/11/18/20171118011013; https://www.hankookilbo.com/news/article/201711171732955605,events_2016_2021.csv,2017-11-16,False,4635,33,1,27,1,24,2,False
2018-01-04,curb_appreciation,1,2,True,True,U,김동연; 이주열,MOEF+BOK,[headline wording] 환율 과도한 쏠림 있으면 대응 / 환율 과도한 쏠림에 적극 대처,,1062.0,1.0,False,https://www.etoday.co.kr/news/view/1581148; https://www.seoul.co.kr/news/economy/policy/2018/01/05/20180105004020; https://www.seoul.co.kr/news/economy/2018/01/10/20180110022001; https://edaily.co.kr/News/Read?mediaCodeNo=257&newsId=02433766619172184,events_2016_2021.csv,2018-01-04,False,4668,34,1,28,1,25,1,False
2019-05-13,curb_depreciation,1,2,False,True,U,이호승,MOEF,[as reported] 원화 약세는 중국·대만 등 인근 국가에 비해 과도하지 않다 (…) 국내 금융시장 변동성이 과도해질 경우 적시에 시장안정조치를 취하겠다 (edaily headline: 환율 급변동 발생하면 적시에 시장안정조치),"morning (거시경제금융회의, 서울 명동 은행회관)",1187.5,1.0,False,https://edaily.co.kr/News/Read?mediaCodeNo=257&newsId=01374326622716880; https://www.seoul.co.kr/news/economy/securities/2019/05/14/20190514019012,events_2016_2021.csv,2019-05-13,False,5018,62,1,55,1,48,1,False
2019-08-06,curb_depreciation,1,2,False,True,U,방기선,MOEF,과도한 시장불안에 대해서는 적극적으로 대응해 나가겠다 (…) 시장 변동성이 과도하게 확대될 경우 이미 준비된 컨틴전시 플랜에 따라 상황별 시장안정 조치를 신속하고 과감하게 취할 것,morning (관계기관 합동점검반 회의),1215.3,2.0,False,https://www.hankookilbo.com/news/article/201908061629090606; https://www.seoul.co.kr/news/economy/2019/08/07/20190807004011; https://www.kita.net/cmmrcInfo/cmmrcNews/cmmrcNews/cmmrcNewsDetail.do?pageIndex=1&nIndex=54164&sSiteid=6,events_2016_2021.csv,2019-08-06,False,5079,63,1,56,1,49,1,False
2019-08-07,curb_depreciation,1,3,True,True,U,"홍남기 (with 이주열, 최종구, 윤석헌)",MOEF+BOK+FSC+FSS,[UNVERIFIED paraphrase from memory] 시장 불안이 과도하게 확대될 경우 준비된 컨틴전시 플랜에 따라 상황별 시장안정조치를 신속하고 과감하게 시행,07:30 (approx),1215.0,1.0,False,,events_2016_2021.csv,2019-08-07,False,5080,63,2,56,2,49,2,True
2020-03-13,curb_depreciation,1,2,False,False,U,김용범,MOEF,위기에 준하는 엄중한 인식을 갖고 금융시스템의 각 부문별로 철저히 점검하고 있다 (…) 민간과의 긴밀한 소통을 통해 필요시 시장안정조치를 신속하고 단호하게 시행하겠다 (…) 특히 외환시장 상황을 각별히 주시하고 있다 (…) 비정상적으로 시장 변동성이 커질 때는 준비된 비상계획(컨틴전시 플랜)에 따라 신속하고 단호하게 대응해 나갈 것,"morning (조찬 간담회, 서울 컨퍼런스센터 달개비)",1219.0,1.0,False,https://edaily.co.kr/News/Read?mediaCodeNo=257&newsId=01977846625702008; https://edaily.co.kr/News/Read?mediaCodeNo=257&newsId=02341926625702992; https://edaily.co.kr/News/Read?mediaCodeNo=257&newsId=01610486625703976; https://edaily.co.kr/News/Read?mediaCodeNo=257&newsId=01840086625704960,events_2016_2021.csv,2020-03-13,False,5235,64,1,57,1,50,1,False
2020-03-18,curb_depreciation,1,3,True,True,U,기획재정부·한국은행·금융위원회 (joint press release),MOEF+BOK+FSC,"[paraphrase from memory; concrete measure] 외환시장 안정을 위해 은행 선물환포지션 한도를 25% 확대 (국내은행 40%→50%, 외은지점 200%→250%), 3/19 시행 — 외화자금 공급 여력 확대",,1245.7,1.0,False,,events_2016_2021.csv,2020-03-18,False,5238,64,2,57,2,50,2,True
2020-03-19,curb_depreciation,1,3,True,True,U,한국은행 (with 기획재정부),BOK+MOEF,"[paraphrase from memory; concrete measure] 한국은행-미 연준, 600억달러 규모 양자간 통화스왑계약 체결 (…) 최근 급격히 악화된 글로벌 달러자금시장 경색 완화 및 국내 외환시장 안정에 기여 기대",~22:00 (BOK press release; after 1285.7 close),1285.7,1.0,False,https://www.etoday.co.kr/news/view/2132916 (confirms 3/19/2020 close 1285.7; other detail from memory),events_2016_2021.csv,2020-03-19,False,5239,64,3,57,3,50,3,True
2020-11-19,curb_appreciation,2,2,False,True,U,김용범 | 홍남기,MOEF,[headline wording + reported content] 과도한 환율 변동은 결코 바람직하지 않다; 최근 두 달간 원화는 주요 글로벌 통화 중 가장 빠른 속도로 절상되고 있고 원화 환율은 일방향 움직임을 지속; 외환시장의 환율 하락 지속에 경제주체들의 우려 확대; 시장 안정을 위해 언제든 적극 대응 || [headline wording + reported content] 최근 우리나라 환율 변동은 과도하다; 환율 강세에 따른 심리적 일방향 쏠림이 심각; 시장안정 (노력) 추진,morning (제20차 비상경제 중앙대책본부회의 겸 제5차 한국판뉴딜 관계장관회의);morning (거시경제금융회의),1103.8,1.0,False,https://edaily.co.kr/News/Read?mediaCodeNo=257&newsId=02797846625967360; https://edaily.co.kr/News/Read?mediaCodeNo=257&newsId=01866326625967360; https://edaily.co.kr/News/Read?mediaCodeNo=257&newsId=02010646625967360; https://www.asiae.co.kr/article/2020120421592249749 ; https://edaily.co.kr/News/Read?mediaCodeNo=257&newsId=02643686625967360; https://www.asiae.co.kr/article/2020120421592249749,events_2016_2021.csv,2020-11-19,False,5414,35,1,29,1,26,1,False
2022-04-25,curb_depreciation,1,3,True,True,Y,외환당국 (기재부 국제금융국·한은 국제국),MOEF+BOK,"외환당국은 환율 움직임과 외환수급 동향을 면밀히 모니터링하고 있으며, 외환시장의 과도한 시장 변동성은 우리 경제에 바람직하지 않다 [Korean wording reconstructed from English search summary]",,1249.9,2.0,False,https://www.blockmedia.co.kr/archives/224180 | https://edaily.co.kr/News/Read?mediaCodeNo=257&newsId=03772006632299728,events_2022_2024.csv,2022-04-25,False,5784,65,1,58,1,51,1,False
2022-04-28,curb_depreciation,1,2,False,False,U,홍남기,MOEF,"정부는 급격한 시장 쏠림이 발생하지 않도록 면밀히 모니터링 중이며, 필요한 경우 시장 안정 노력을 기울여 나갈 것 (also: 금주 들어 원·달러 환율 오름세가 빠른 상황인데 이는 미국 연준의 긴축속도 강화 가능성, 중국 봉쇄조치에 따른 경기둔화 우려 등 대외적 요인에 주로 기인)",08:00,1272.5,3.0,False,https://www.seoul.co.kr/news/economy/finance/2022/04/28/20220428500214 | https://edaily.co.kr/News/Read?mediaCodeNo=257&newsId=01387446632300712 | https://www.todaykorea.co.kr/news/articleView.html?idxno=298934,events_2022_2024.csv,2022-04-28,False,5787,65,2,58,2,51,2,True
2022-04-29,curb_depreciation,1,1,False,False,U,기획재정부 (speaker not confirmed),MOEF,[verbatim not captured] second consecutive day of 구두개입성 발언 by the government reported,,1255.9,1.0,False,https://www.seoul.co.kr/news/economy/policy/2022/04/29/20220429500072 | https://news.nate.com/view/20220429n07696,events_2022_2024.csv,2022-04-29,False,5788,65,3,58,3,51,3,True
2022-05-13,curb_depreciation,1,1,False,False,U,외환당국 관계자,MOEF/BOK,"[verbatim not captured] 외환당국 시장 안정 메시지 (경계감) reported as won approached 1,290",,1283.5,1.0,False,https://edaily.co.kr/News/Read?mediaCodeNo=257&newsId=03184886632328592,events_2022_2024.csv,2022-05-13,False,5798,66,1,59,1,51,4,False
2022-06-13,curb_depreciation,1,3,True,True,U,김성욱·김현기,MOEF+BOK,정부와 한은은 최근 국내 외환시장에서 원화의 과도한 변동성에 대해 각별한 경계감을 가지고 모니터링하고 있다. 시장 내 심리적 과민반응 등으로 쏠림 현상이 심화되지 않도록 노력해 나가겠다,,1284.0,3.0,False,https://edaily.co.kr/News/Read?mediaCodeNo=257&newsId=02499366632361392 | https://news.mt.co.kr/mtview.php?no=2022061416052215665 | https://www.sedaily.com/article/20052983,events_2022_2024.csv,2022-06-13,False,5819,67,1,60,1,52,1,False
2022-06-16,curb_depreciation,1,2,True,False,U,추경호 (비상거시경제금융회의; 이창용·김주현·이복현 참석),MOEF (F4-type meeting),[FX-specific wording not captured] meeting after Fed 75bp hike diagnosed '복합위기'; standard pledge of market-stabilization measures if needed,08:00,1286.8,1.0,True,https://www.etoday.co.kr/news/view/2143947,events_2022_2024.csv,2022-06-16,False,5822,67,2,60,2,52,2,True
2022-06-23,curb_depreciation,1,2,False,False,U,추경호,MOEF,[from headlines] 원·달러 환율 '연고점'…필요시 시장안정 노력 / 환율 시장불안…필요시 시장안정 노력; same day 기재부: 과도한 쏠림시 대응할 것,08:00,1301.8,2.0,False,https://edaily.co.kr/News/Read?mediaCodeNo=257&newsId=02109046632364672 | https://edaily.co.kr/News/Read?mediaCodeNo=257&newsId=02092646632364672 | https://edaily.co.kr/News/Read?mediaCodeNo=257&newsId=01771206632364672 | https://www.ajunews.com/view/20220623155532573,events_2022_2024.csv,2022-06-23,False,5827,68,1,60,3,52,3,True
2022-07-28,unclear,1,1,True,False,U,추경호 (비상거시경제금융회의; 이창용·이복현 등 참석),MOEF (F4-type meeting),"[FX-specific wording not captured] agenda: 미국 FOMC 주요 결과 및 국제금융시장 동향, 내외금리차 역전에 따른 금융시장 영향, 유럽 지역 리스크 점검",08:00,1299.7,1.0,True,https://edaily.co.kr/News/Read?mediaCodeNo=257&newsId=01607206632399112 | https://edaily.co.kr/News/Read?mediaCodeNo=257&newsId=01558006632399112,events_2022_2024.csv,2022-07-28,False,5852,97,1,86,1,72,1,False
2022-08-23,curb_depreciation,3,3,True,True,U,외환당국 (기재부 국제금융국·한은 국제국) | 윤석열 | 추경호,MOEF (긴급회의 with 금융위·한은 at 서울국제금융센터) | MOEF+BOK | 대통령실,"국민들이 1340원까지 치솟은 환율 때문에 많이 걱정하고 계실 것... 국민들이 불안하지 않도록 (환율을) 잘 관리하겠다 (also: 달러 강세, 리스크 관리할 것) || 최근 대외 여건이 전반적으로 환율 상승 압력으로 작용하면서 시장 심리에 일방향 쏠림이 발생할 우려가 있다... 글로벌 달러 강세 등 대외 여건에 따른 역외 투기적 거래 확대 가능성에 대한 경계감을 갖고 관계기관 간 긴밀한 공조로 모니터링을 강화하겠다 [Korean wording reconstructed from English summary; headline: 투기거래 확대시 모니터링 강화] || 최근 글로벌 달러 강세에 기인한 원·달러 환율 상승 과정에서 역외 등을 중심으로 한 투기적 요인이 있는지에 대해 면밀히 점검해 나갈 것",08:30,1345.5,3.0,False,https://news.mt.co.kr/mtview.php?no=2022082317143341943 | https://www.etoday.co.kr/news/view/2165945 | https://www.seoul.co.kr/news/economy/finance/2022/08/24/20220824005013 ; https://www.etoday.co.kr/news/view/2166194 | https://edaily.co.kr/News/Read?mediaCodeNo=257&newsId=03073366632430272 | https://m.hankookilbo.com/News/Read/A2022082615140001122 ; https://edaily.co.kr/News/Read?mediaCodeNo=257&newsId=01643286632430272 | https://edaily.co.kr/News/Read?mediaCodeNo=257&newsId=02748646632430272 | https://www.etoday.co.kr/news/view/2165945,events_2022_2024.csv,2022-08-23,False,5870,69,1,61,1,53,1,False
2022-09-05,curb_depreciation,1,1,True,False,U,추경호 (비상거시경제금융회의; 이창용·김주현·이복현·최상목 참석),MOEF (F4-type meeting),환율은 달러화가 20년 만에 최고치까지 올라 그 영향으로 주요국 통화 모두 달러화 대비 큰 폭의 약세를 보이고 있고 우리도 예외는 아니다 (also: 복합 위기 장기화 가능성),08:00,1371.4,2.0,False,https://www.seoul.co.kr/news/economy/finance/2022/09/05/20220905500199 | https://edaily.co.kr/News/Read?mediaCodeNo=257&newsId=01298886632456512 | https://www.etoday.co.kr/news/view/2169565 | https://mofe.go.kr/nw/nes/detailNesDtaView.do?searchBbsId=MOSFBBS_000000000028&menuNo=4010100&searchNttId=MOSF_000000000059881,events_2022_2024.csv,2022-09-05,False,5879,70,1,62,1,53,2,False
2022-09-14,curb_depreciation,1,1,False,False,U,방기선,MOEF (비상경제 TF / 거시경제금융 점검회의),주요국의 금리 인상 폭과 속도에 대한 불확실성이 커지는 점이 국내외 금융시장 변동성을 높이고 있다... 글로벌 인플레이션과 통화정책 정상화 스케줄 등에 주의하면서 각별한 경계감을 가지고 금융·외환시장 상황을 예의주시해 달라,,1390.9,3.0,False,https://www.seoul.co.kr/news/economy/finance/2022/09/15/20220915003006 | https://m.koreaherald.com/article/3370441 | https://www.etoday.co.kr/news/view/2172272,events_2022_2024.csv,2022-09-14,False,5886,71,1,63,1,53,3,False
2022-09-15,curb_depreciation,2,3,True,True,Y,외환당국 (기재부 국제금융국·한은 국제국) | 추경호,MOEF (국회 기획재정위원회 전체회의) | MOEF+BOK,최근 대외요인으로 원화의 변동성이 확대되는 과정에서 시장 내 쏠림 가능성 등에 대해 경계감을 가지고 면밀히 모니터링하고 있다 || 지금 굉장히 빠르게 상승하고 있고 국민들이 불안해하기 때문에 시장 상황을 예의주시하고 있고 과도한 쏠림이 있거나 불안 심리가 확산되면 필요한 적절한 시점에 시장 안정 조치 등 대책을 강구할 것 (also: 환율이 가파르게 오르고 있지만 그 자체만으로 과도하게 불안해할 것은 없다; 10월 이후 상승세 둔화 전망),13:20,1393.7,3.0,False,https://edaily.co.kr/News/Read?mediaCodeNo=257&newsId=02325526632460448 | https://edaily.co.kr/News/Read?mediaCodeNo=257&newsId=02988086632460448 | https://www.seoul.co.kr/news/economy/finance/2022/09/15/20220915500188 | https://www.kedglobal.com/foreign-exchange/newsView/ked202209150022 | https://www.fxstreet.com/amp/news/usd-krw-remains-capped-below-1-400-after-s-korean-verbal-intervention-202209150315 ; https://news.mt.co.kr/mtview.php?no=2022091516025740575 | https://www.seoul.co.kr/news/economy/policy/2022/09/16/20220916006029 | https://www.etoday.co.kr/news/view/2170939,events_2022_2024.csv,2022-09-15,False,5887,71,2,63,2,53,4,True
2022-09-19,curb_depreciation,1,3,True,False,Y,외환당국 (관계자),MOEF+BOK,[paraphrase] 외환당국이 은행들의 달러 매수 주문을 실시간으로 점검·보고받는 등 1400원 방어를 위한 고강도 개입에 나섰다고 보도 ('달러 주문 실시간 체크'),,1393.6,2.0,False,https://www.seoul.co.kr/news/economy/finance/2022/09/19/20220919001011,events_2022_2024.csv,2022-09-19,False,5889,71,3,63,3,53,5,True
2022-09-22,curb_depreciation,2,3,True,False,Y,추경호 | 추경호 (비상거시경제금융회의; 이창용·김주현·이복현 참석),MOEF (F4-type meeting) | MOEF (post-meeting remarks to reporters),금융·외환시장 및 실물경제에의 영향을 면밀히 점검·모니터링하고 앞으로 활용 가능한 정책수단들을 신속히 가동할 수 있도록 종합·체계화하였고 필요시 분야별·단계별 시장안정조치를 적기에 시행토록 하겠다. 원·달러 환율 흐름과 관련해서는 환율 수준 이면에서 가격 변수에 영향을 미치는 세부 요인들에 대해 촘촘히 관리해나갈 것 || 최근 환율 상승에 베팅하는 투기 및 일방적인 쏠림 현상에 대해 가용한 모든 수단을 동원해 단호하고 신속하게 대응하겠다 / 가능한 모든 수단을 동원해 필요한 순간에 단호하고 신속하게 대응한다는 방침을 엄격히 견지할 것 / 외환보유고라는 게 대외 불확실성이 커질 때 쓰려는 것... 약간의 시장 안정조치로 외환보유고에 변동성이 있는 건 그런 차원,08:00,1409.7,3.0,False,https://edaily.co.kr/News/Read?mediaCodeNo=257&newsId=01374326632462744 | https://edaily.co.kr/News/Read?mediaCodeNo=257&newsId=01410406632461104 | https://www.ajunews.com/view/20220922095752554 | https://imnews.imbc.com/news/2022/econo/article/6410148_35687.html | https://www.etoday.co.kr/news/view/2174724 ; https://m.newspim.com/newsamp/view/20220922000185 | https://www.seoul.co.kr/news/economy/policy/2022/09/23/20220923003005 | https://www.etoday.co.kr/news/view/2174844,events_2022_2024.csv,2022-09-22,False,5892,71,4,63,4,53,6,True
2022-09-23,curb_depreciation,1,3,True,True,U,외환당국 (기획재정부·한국은행),MOEF+BOK,"[press release] 외환당국은 국민연금공단과 100억달러 한도 내에서 외환스왑 거래를 실시하기로 합의; 조선사의 선물환 매도 애로 해소를 위해 금융당국·정책금융기관과 협의(외평기금 등이 선물환 매입), 연말까지 약 80억달러 규모의 추가 달러 공급 기대",,1409.3,3.0,False,https://eiec.kdi.re.kr/policy/materialView.do?num=230487 | https://edaily.co.kr/News/Read?mediaCodeNo=257&newsId=01423526632463728 | https://www.etoday.co.kr/news/view/2175771,events_2022_2024.csv,2022-09-23,False,5893,71,5,63,5,53,7,True
2022-09-26,curb_depreciation,1,1,False,False,U,이창용,BOK (국회 기획재정위원회 업무보고),"상당 기간 높은 물가 오름세가 이어질 것으로 예상되는 상황에서 원·달러 환율 상승이 수입물가 상승을 통해 국내 물가에 추가적인 상방압력으로 작용할 가능성에 유의할 것 / 급격한 환율변동이 금융안정에 가져올 수 있는, 예를 들어 자본유출 압력 증대 등을 고려하지 않을 수 없는 상황",,1431.3,3.0,False,https://edaily.co.kr/News/Read?mediaCodeNo=257&newsId=02266486632464056,events_2022_2024.csv,2022-09-26,False,5894,71,6,63,6,53,8,True
2022-10-05,curb_depreciation,1,2,False,False,Y,추경호,MOEF (국회 기획재정위원회 국정감사),급격하게 한쪽으로 쏠리면 경제 활동 예측 가능성을 너무 제약하고 변동성이 커지기 때문에 필요할 때 시장 안정 조치를 해나가고 있다 (also: 환율 수준 단언 못해… 쏠림현상시 안정조치),,1410.7,3.0,False,https://edaily.co.kr/News/Read?mediaCodeNo=257&newsId=03391526632489968 | https://www.etoday.co.kr/news/view/2179008,events_2022_2024.csv,2022-10-05,False,5901,72,1,64,1,53,9,False
2022-10-06,unclear,1,1,False,False,Y,추경호,MOEF (국정감사),[paraphrase from headlines] 외환보유액 감소는 시장 안정 조치의 결과이며 외환위기 가능성은 낮다; 외환보유고는 정상적 시장거래가 안 될 때 쓰는 것,,1402.3,2.0,False,https://www.seoul.co.kr/news/economy/policy/2022/10/06/20221006500188 | https://www.ajunews.com/view/20221006164211394,events_2022_2024.csv,2022-10-06,False,5902,98,1,87,1,73,1,False
2022-10-13,unclear,1,1,False,False,Y,이창용,BOK,[paraphrase] 9월 들어 한국 원화의 평가절하 속도가 빨라졌다… 한국은행은 변동성 완화를 위해 외환시장개입에 나서기도 했다; 환율의 빠른 평가절하로 통화정책이 복잡해졌다,,1430.4,1.0,False,https://www.fnnews.com/news/202210131701514399,events_2022_2024.csv,2022-10-13,False,5907,99,1,87,2,73,2,True
2022-11-04,two_sided,1,2,True,False,U,추경호 (비상거시경제금융회의; 이창용·김주현·이복현 참석),MOEF (F4-type meeting),내외금리차가 확대된 상황에서 금융·외환시장의 불확실성이 높아질 가능성과 함께 시장 교란행위 및 쏠림 현상 등에 의한 변동성 확대 우려가 있다… 국내외 금융시장에 대한 모니터링을 강화하고 상황별 대응 계획에 따라 시장안정 조치를 신속히 시행해 나가겠다,08:00,1424.0,3.0,False,https://eiec.kdi.re.kr/policy/materialView.do?num=231363,events_2022_2024.csv,2022-11-04,False,5923,89,1,79,1,65,1,False
2022-11-10,two_sided,1,1,False,False,U,추경호,MOEF (국회 예산결산특별위원회),[paraphrase] 무리하게 환율 방어를 하지 않는다; 환율은 항상 시장에서 결정되지만 급격한 일방향 움직임이나 일시적 수급 교란이 있을 때 당국이 대응하며 이는 국제기구도 권고하는 바; 외환보유액 4168억달러(GDP의 25%)로 IMF도 충분하다고 평가,,1377.5,2.0,False,https://www.seoul.co.kr/news/economy/policy/2022/11/11/20221111002020,events_2022_2024.csv,2022-11-10,False,5927,90,1,79,2,65,2,True
2024-04-16,curb_depreciation,1,3,True,True,Y,외환당국 (신중범 기재부 국제금융국장·오금화 한은 국제국장 명의 긴급 공지),MOEF+BOK,"외환당국은 환율 움직임, 외환수급 등에 대해 각별한 경계감을 가지고 예의주시하고 있다. 지나친 외환시장 쏠림 현상은 우리 경제에 바람직하지 않다",,1394.5,3.0,False,https://edaily.co.kr/News/Read?mediaCodeNo=257&newsId=02774886638856776 | https://edaily.co.kr/News/Read?mediaCodeNo=257&newsId=02909366638856776 | https://www.etoday.co.kr/news/view/2351103 | https://www.ajunews.com/view/20240416160840423 | https://www.ajunews.com/view/20240416145335302 | https://www.seoul.co.kr/news/economy/finance/2024/04/16/20240416500139 | https://www.hankyung.com/article/202404164736i | https://www.koreajoongangdaily.com/business/korea-issues-verbal-intervention-with-won-sinking-to-17-month-low/12242823,events_2022_2024.csv,2024-04-16,False,6297,73,1,65,1,54,1,False
2024-04-17,curb_depreciation,2,3,False,True,U,이창용 | 최상목·스즈키 슌이치,"BOK (CNBC interview, Washington, IMF–WB spring meetings) | MOEF (+Japan MOF), 한일 재무장관회의 (Washington)","[paraphrase] 최근 환율 움직임은 다소 과도하며, 변동성이 계속 커질 경우 이를 완화할 시장안정화 조치를 취할 수단과 재원을 갖고 있다 (headline: 환율 움직임 과도…변동성 커지면 안정화 조치) || [paraphrase, UNVERIFIED in this session] 최근 엔화와 원화의 급격한 평가절하에 대한 심각한 우려(serious concerns)를 공유하며 과도한 변동성에 대해 적절한 조치를 취할 수 있다",09:00,1386.8,2.0,False,https://www.ajunews.com/view/20240417091023726,events_2022_2024.csv,2024-04-17,False,6298,73,2,65,2,54,2,True
2024-04-18,curb_depreciation,1,3,False,True,U,최상목·재닛 옐런·스즈키 슌이치,"MOEF (trilateral joint statement, Washington)","[paraphrase, UNVERIFIED in this session] 최근 엔화와 원화의 급격한 절하에 대한 일본과 한국의 심각한 우려를 인지(acknowledge)한다",,1372.9,1.0,False,,events_2022_2024.csv,2024-04-18,False,6299,73,3,65,3,54,3,True
2024-11-06,curb_depreciation,1,2,True,False,U,최상목 (거시경제·금융현안 간담회/F4; 이창용·김병환·이복현 참석),MOEF (F4),"[paraphrase, UNVERIFIED in this session] 미 대선 결과에 따른 금융·외환시장 변동성 확대 가능성에 대비해 24시간 점검체계를 가동하고, 과도한 변동성 발생 시 상황별 대응계획에 따라 적극적인 시장안정조치를 시행",08:00,1396.2,1.0,False,,events_2022_2024.csv,2024-11-06,False,6443,74,1,66,1,55,1,False
2024-11-14,curb_depreciation,1,2,False,False,U,최상목 / 외환당국 (speaker to be confirmed),MOEF,"[paraphrase, headline evidence only] 환율 변동성이 과도하게 확대될 경우 적극적인 시장안정조치를 시행하겠다는 취지의 구두개입 (ajunews 2024-11-14: 외환당국 개입 안 먹히는 환율 사흘째 1400원대; edaily: 견고한 1400원 환율…구두개입도 안 먹히는 이유는)",,1405.1,1.0,False,https://www.ajunews.com/view/20241114162545064 | https://edaily.co.kr/News/Read?mediaCodeNo=257&newsId=04267286639085720,events_2022_2024.csv,2024-11-14,False,6449,75,1,67,1,55,2,False
2024-12-04,curb_depreciation,1,3,True,True,U,최상목·이창용·김병환·이복현 (F4 긴급회의),MOEF+BOK+FSC+FSS (F4),"[paraphrase, UNVERIFIED in this session] 계엄 해제 후 모든 금융·외환시장이 정상 운영되며, 시장 상황이 완전히 정상화될 때까지 주식·채권·단기자금·외환시장에 무제한 유동성을 공급하고 과도한 변동성에 대해 시장안정조치를 적극·신속히 시행",,1410.1,2.0,False,,events_2022_2024.csv,2024-12-04,False,6463,76,1,68,1,56,1,False
2024-12-19,curb_depreciation,1,3,True,True,U,최상목 (F4; 이창용·김병환·이복현 참석) / 외환당국·국민연금,MOEF+BOK (F4) / 외환당국·국민연금,[paraphrase] 미 FOMC 결과에 따른 변동성 확대에 대해 과도한 변동성에는 추가적인 시장안정조치를 적극적으로 신속히 시행; 같은 날 외환당국과 국민연금은 외환스왑 한도를 500억달러에서 650억달러로 증액하고 만기를 2025년 말까지 연장하기로 합의,08:00,1451.9,2.0,False,https://www.etnews.com/20241219000299 | https://eiec.kdi.re.kr/policy/materialView.do?num=261397 | https://kr.investing.com/news/stock-market-news/article-1756095 | https://v.daum.net/v/t6JIRetWzd,events_2022_2024.csv,2024-12-19,False,6474,77,1,69,1,57,1,False
2024-12-20,curb_depreciation,1,3,True,True,U,최상목 (F4),MOEF+BOK (F4),"[paraphrase, UNVERIFIED in this session] 외환수급 개선방안 발표: 은행 선물환포지션 한도 상향(국내은행 50→75%, 외은지점 250→375%), 외화대출 제한 완화, 거주자 외화예금 및 외화조달 유인 확대 등",08:00,1451.4,1.0,False,,events_2022_2024.csv,2024-12-20,False,6475,77,2,69,2,57,2,True
2025-01-30,unclear,1,1,True,True,U,최상목 (주재),F4 거시경제·금융현안 간담회 (기획재정부·한국은행·금융위원회·금융감독원),"[요지, 비축어] 미국 FOMC 결과와 트럼프 2기 행정부 정책 구체화에 따른 국내외 금융·외환시장 동향을 점검하고 대응 방안을 논의; 필요시 시장안정조치 시행 기조 유지",,1441.9,1.0,False,https://www.seoul.co.kr/news/economy/2025/01/31/20250131016010,events_2025_2026.csv,2025-01-30,False,6502,100,1,88,1,74,1,False
2025-04-09,curb_depreciation,1,1,False,False,U,"외환당국 (기획재정부/한국은행, 미상)",기획재정부·한국은행,[미검증] 원화의 과도한 약세에 대한 경고 (search-summary level only; exact wording not retrieved),,1487.6,1.0,False,https://biz.heraldcorp.com/article/10642894 | https://www.hankyung.com/article/2025122439221,events_2025_2026.csv,2025-04-09,False,6551,78,1,70,1,58,1,False
2025-10-13,curb_depreciation,1,1,False,False,U,외환당국 (관계자 코멘트),기획재정부·한국은행,"[헤드라인 인용] ""시장 쏠림 가능성"" — 환율 1430원 돌파에 외환당국 구두개입 (환율 상승 속도·쏠림 가능성 경고)",,1430.0,2.0,False,https://www.fnnews.com/news/202510131403516788 | https://www.newsis.com/view/NISX20251013_0003360252 | https://biz.newdaily.co.kr/site/data/html/2025/10/13/2025101300409.html,events_2025_2026.csv,2025-10-13,False,6684,79,1,71,1,59,1,False
2025-11-12,unclear,1,1,False,False,U,이창용,한국은행,"[요지] 원화가 대외 변수에 지나치게 민감하게 반응; 최근 환율 움직임의 상당 부분은 국내 거주자의 해외투자 확대에 기인 (블룸버그 인터뷰, 싱가포르)",,1470.0,2.0,False,https://www.hankyung.com/article/2025111201101 | https://magazine.hankyung.com/business/article/202512181363b,events_2025_2026.csv,2025-11-12,False,6706,101,1,89,1,75,1,False
2025-11-14,curb_depreciation,1,2,True,True,U,구윤철 (주재); 이창용; 이억원; 이찬진,시장상황점검회의 (F4: 기획재정부·한국은행·금융위원회·금융감독원),"""내국인들의 해외투자 확대 등으로 원·달러 환율이 1470원을 상회하는 등 외환시장에서 불확실성이 확대되고 있다""; ""해외투자에 따른 외환수급 불균형이 지속될 경우 원화 약세 기대가 고착화될 수 있다""고 우려; ""가용 수단을 적극 활용해 대처해 나갈 계획""",,1470.0,3.0,False,https://www.mt.co.kr/economy/2025/11/14/2025111409155079602 | https://news.mtn.co.kr/news-detail/2025111409264061586,events_2025_2026.csv,2025-11-14,False,6708,80,1,72,1,60,1,False
2025-11-27,unclear,1,1,False,False,U,이창용,한국은행,[요지] 금통위 기자간담회에서 환율 상승 요인으로 거주자 해외주식투자('서학개미') 확대를 재차 언급,,1462.2,1.0,False,https://magazine.hankyung.com/business/article/202512181363b,events_2025_2026.csv,2025-11-27,False,6717,102,1,90,1,76,1,False
2025-12-17,unclear,1,1,False,False,U,이창용,한국은행,"""환율 상승을 누구의 탓이라고 말하는 것이 아니다"" (물가안정목표 운영상황 점검 기자설명회)",,1479.4,2.0,False,https://magazine.hankyung.com/business/article/202512181363b,events_2025_2026.csv,2025-12-17,False,6731,103,1,91,1,77,1,False
2025-12-18,unclear,1,1,False,False,U,구윤철,기획재정부,"""국민연금을 동원해서 환율을 방어하겠다는 생각은 추호도 없다""; 고환율은 ""수급상 달러 수요가 많아 형성된 결과""이며 ""국내 주식시장의 매력이 상대적으로 낮다는 인식도 있다""; 4자 협의체 '뉴 프레임워크'는 ""새로운 규칙을 도입하는 것이 아니라 환율이 높은 상황에서 향후 환율 하락 가능성까지 고려해 환헤지에 대한 인식을 공유하자는 취지""",,1477.2,3.0,False,https://news.nate.com/view/20251218n38479 | https://news.nate.com/view/20251218n38252,events_2025_2026.csv,2025-12-18,False,6732,103,2,91,2,77,2,True
2025-12-24,curb_depreciation,1,3,True,True,Y,김재환; 윤경수,기획재정부·한국은행 (외환당국 공동 메시지),"""원화의 과도한 약세, 바람직하지 않음""; ""지난 1~2주에 걸쳐 일련의 회의를 개최하고, 각 부처 및 기관별로 담당 조치를 발표한 것은 정부의 강력한 의지와 종합적인 정책 실행 능력을 보여주기 위해 상황을 정비한 과정이었음을 곧 확인하게 될 것""",09:00,1484.9,3.0,False,https://www.khan.co.kr/article/202512240903001 | https://www.hankyung.com/article/202512242478i | https://www.newsis.com/view/NISX20251224_0003453272 | https://m.news.nate.com/view/20251224n25015 | https://www.hankyung.com/article/2025122439221,events_2025_2026.csv,2025-12-24,False,6736,81,1,73,1,61,1,False
2025-12-25,curb_depreciation,1,2,False,True,U,한국은행,한국은행,[요지] 내년(2026년) 외환시장 안정화 조치를 적극 시행,,1449.8,2.0,False,https://news.nate.com/view/20251225n06354,events_2025_2026.csv,2025-12-26,True,6737,81,2,73,2,61,2,True
2026-01-02,curb_depreciation,1,1,False,False,U,이창용,한국은행,"[헤드라인 인용] ""국내 유튜버만 '원화 휴지조각' 얘기해…해외는 환율 1400원 초반 전망""",,1444.9,2.0,False,https://m.news.nate.com/view/20260102n16542,events_2025_2026.csv,2026-01-02,False,6741,82,1,73,3,61,3,True
2026-01-15,curb_depreciation,1,1,False,False,U,이창용,한국은행,"""1480원 환율, 우리 펀더멘털로 설명 안 돼""; ""韓경제 폭망이어서 환율 올랐다? 비관론 동의 못해""; ""돈 많이 풀어 원화 약세? 데이터와 안 맞는다""; ""중앙은행 입장에서 한쪽으로 너무 쏠림이 있을 때는 경고를 안 줄 수 없다""",,1480.0,3.0,False,https://view.asiae.co.kr/article/2026011515190760168 | https://m.news.nate.com/view/20260115n26798 | https://www.newspim.com/news/view/20260115000736,events_2025_2026.csv,2026-01-15,False,6750,83,1,74,1,61,4,False
2026-01-21,curb_depreciation,1,1,False,False,U,이창용,한국은행,"""누가 봐도 현 환율 수준 높아…향후 조정 여지 커""; 환율은 높지만 시간이 지나 기대가 변하면 달라질 것",,1480.0,2.0,False,https://m.news.nate.com/view/20260121n31618 | https://m.news.nate.com/view/20260121n32370,events_2025_2026.csv,2026-01-21,False,6754,84,1,74,2,61,5,True
2026-02-26,unclear,1,1,False,False,U,이창용,한국은행,"""최근 몇주 기대쏠림 완화, 기업 달러 매도 등 환율 낮춰""",,1425.6,3.0,False,https://view.asiae.co.kr/article/2026022611371629035,events_2025_2026.csv,2026-02-26,False,6780,104,1,92,1,78,1,False
2026-03-31,curb_depreciation,1,2,False,True,U,한국은행,한국은행,"[헤드라인 인용] 지난해 4분기 224억6700만달러 순매도 공개하며 ""필요시 대응할 것""",,1524.8,2.0,False,https://news.nate.com/view/20260331n30288 | https://www.newspim.com/news/view/20260331001112 | https://news.nate.com/view/20260331n31082,events_2025_2026.csv,2026-03-31,False,6803,85,1,75,1,62,1,False
2026-05-22,curb_depreciation,1,3,True,True,U,외환당국 (재정경제부·한국은행 공동 메시지),재정경제부·한국은행 (공동),"""최근 원·달러 환율 움직임이 펀더멘털 대비 과도한 측면이 있어 면밀히 모니터링하고 있으며, 필요시 단호한 조치를 취하겠다""",,1519.4,3.0,False,https://news.nate.com/view/20260522n20723 | https://m.news.nate.com/view/20260522n21898 | https://m.news.nate.com/view/20260522n24809 | https://www.etoday.co.kr/news/view/2539346,events_2025_2026.csv,2026-05-22,False,6841,86,1,76,1,63,1,False
2026-06-04,curb_depreciation,1,2,False,False,U,구윤철,재정경제부,"""대외 불확실성이 높은 상황에서 불안 심리가 확산되지 않도록 높은 경계감을 가지고 예의주시하고 있다""; ""과도한 쏠림에 대해서는 필요한 조치를 즉시 취할 것"" / ""단호한 조치를 취할 것""",,1530.0,3.0,False,https://view.asiae.co.kr/article/2026060409244985861 | https://www.hankyung.com/article/2026060466047 | https://edaily.co.kr/News/Read?mediaCodeNo=257&newsId=03220966645478440 | https://m.news.nate.com/view/20260604n36077,events_2025_2026.csv,2026-06-04,False,6850,87,1,77,1,63,2,False
2026-06-07,curb_depreciation,1,3,True,True,U,구윤철 (주재); 신현송; 이억원; 이찬진,"긴급 시장상황점검회의 (F4: 재정경제부·한국은행·금융위원회·금융감독원), 은행연합회","""외환시장에서 원화 약세 흐름에 편승한 투기적 거래 움직임이나 시장교란 의심 행위가 있는지 점검하고, 그 결과에 따라 엄정 조치할 것""; 참석자들: 최근 환율 변동성 확대는 외국인 포트폴리오 조정·차익실현 등 수급 요인도 있지만 ""일부 투기적 거래가 일방향 쏠림 현상을 가속화""; 과도한 환율 상승 용인하지 않을 것 (역외 NDF 거래 지목)",,1560.0,3.0,False,https://www.busan.com/view/busan/view.php?code=2026060717492342201 | https://www.edaily.co.kr/News/Read?newsId=02801126645479424&mediaCodeNo=257 | https://www.etnews.com/20260607000123 | https://m.news.nate.com/view/20260607n11265,events_2025_2026.csv,2026-06-08,True,6852,87,2,77,2,63,3,True
2026-06-08,curb_depreciation,2,3,True,True,Y,이재명 | 이형렬; 윤경수,대통령실 | 재정경제부·한국은행 (외환당국 공동 메시지),"[헤드라인 인용] 환율 ""정상 아니지만 일시적 현상"" || ""최근 외환시장의 환율 움직임은 수급 요인 이외에도 역외차액결제선물환(NDF) 등 일부 투기적 외환거래가 변동성을 증대시킨 것으로 판단""; ""펀더멘털 대비 과도한 변동성과 일방향의 쏠림을 결코 용인하지 않고 강력히 대응해 나갈 것""",11:45,2026.0,3.0,False,https://m.news.nate.com/view/20260608n33764 ; https://view.asiae.co.kr/article/2026060811501538821 | https://edaily.co.kr/News/Read?mediaCodeNo=257&newsId=03106166645479752 | https://www.etoday.co.kr/news/view/2591424 | https://biz.heraldcorp.com/article/10766034 | https://www.fnnews.com/news/202606081559409122 | https://segye.com/newsView/20260608510144,events_2025_2026.csv,2026-06-08,False,6852,87,3,77,3,63,4,True
2026-07-22,unclear,1,1,False,True,U,허장,재정경제부 (수출기업 간담회),"[요지] 6월 간담회 이전 1550원대까지 올랐던 환율이 수출기업 달러 매도, 조선사 선물환 매도, SK하이닉스 ADR 자금 유입 등으로 단기간에 1400원대 후반으로 하락해 수급 쏠림이 일부 완화; ""원화 약세에 베팅하며 포지션을 확대해 온 역외 투자자들도 달러 매수를 일부 자제하는 움직임""",,1473.4,2.0,False,https://view.asiae.co.kr/article/2026072208451596995 | https://www.newspim.com/news/view/20260723000089,events_2025_2026.csv,2026-07-22,False,6884,105,1,93,1,79,1,False
