date,time_kst,speaker,title,institution,statement,direction,intensity,joint,official,actual_intervention_reported,usdkrw_level,source_urls,confidence,notes
2000-11-21,,재정경제부 (외환관계기관 회의),Ministry position after inter-agency FX meeting,MOEF,"재정경제부, 외환관계기관 회의에서 ""환율의 단기급등은 바람직하지 않다""는 입장 재확인; 환율 폭등세가 지속될 경우 본격적인 시장대응에 나설 방침",curb_depreciation,2,N,Y,Y,"~1,170 (intraday high 1,172 on 11/21; +~30 won in two days)",https://www.hankookilbo.com/news/article/200011220018488869 ; https://www.hankookilbo.com/news/article/200011250091725978,medium,"Date inferred: reported in 2000-11-22 print edition describing the 21st (hankookilbo edition date = event date + 1). Quote via search-engine summary, not full text. Same day: verbal intervention followed by indirect intervention (dollar supply via public institutions, oil-refiner window guidance). BOK participation in the meeting not confirmed. On 11/24 authorities took no action as 1,200 was tested (11/25 article '안잡나 못잡나')."
2001-04-05,,이재욱,"국제금융담당 부총재보 (Assistant Governor, International)",BOK,"긴급 기자간담회: ""외환수급상 문제는 없으나 시장 참가자들의 과민반응 때문에 원·달러 환율이 이상급등하고 있다"" / ""외환시장 안정을 위해 보다 확실한 조치를 취하겠다"" / ""지금까지 구두 개입도 했고 간접적으로 달러 공급을 늘리는 조치도 취했지만 시장의 과민 반응을 잠재울 수 없었다"" / ""6일 이후 시장 상황을 보아 한은이 활용할 수 있는 모든 처방을 동원, 단호히 대처할 계획""",curb_depreciation,3,N,Y,Y,"~1,360 (4/4 close 1,365, 2001 peak)",https://www.hankookilbo.com/news/article/200104060070050228 ; https://www.hankookilbo.com/news/article/200104060093733243 ; https://www.hankookilbo.com/news/article/200104050012506142 ; https://www.hankookilbo.com/news/article/200104070033737770,high,"Article explicitly dates the briefing to the 5th. BOK acknowledged prior verbal intervention and indirect dollar supply; direct intervention followed on 2001-04-06 at ~11:45 (~US$200m sold, rate fell to 1,342.5; hankookilbo 2001-04-07 '환율과 싸움 실탄풀었다'). Trigger: yen slide after rumours from the 3/19 US-Japan summit."
2002-01-03,,진념,부총리 겸 재정경제부 장관,MOEF,"""日, 엔低정책 재고해야"": 엔저를 경기회복 수단으로 사용하는 것은 바람직하지 않으며 아시아 경제에 심각한 부정적 영향을 줄 수 있다 (paraphrase)",unclear,1,N,N,U,"~1,320 (approx., from memory; verify)",https://www.hankookilbo.com/news/article/200201040091579898 ; https://www.hankookilbo.com/news/article/200112280026109561 ; https://www.hankookilbo.com/news/article/200201050037945507,low,"BORDERLINE: remark is about Japan's yen policy, not directly about USD/KRW; consider excluding under a strict definition. Date inferred from 2002-01-04 edition (could be 01-04). Context: yen weakness in Dec 2001-Jan 2002 left the government in a 'dilemma' over the won (12/28 article); Korea-China agreed joint response to yen weakness (1/5 article)."
2002-01-08,,진념,부총리 겸 재정경제부 장관,MOEF,"국무회의 보고: ""향후 환율이 계속 크게 변동할 경우 적절한 수급대책을 마련하겠다"" (헤드라인: ""엔低 지속땐 적절 대책"" … 환율개입 방침 공식화)",curb_appreciation,2,N,Y,U,"~1,320 (approx., from memory; verify)",https://www.hankookilbo.com/news/article/200201090070135059,medium,"Direction coded as curb_appreciation in relative (won/yen) terms: the pledged 'supply-demand measures' aimed to let the won track the weakening yen (i.e. lean toward a weaker won); USD/KRW itself was rising at the time, so a two_sided reading is possible. Cabinet meeting was Tuesday 2002-01-08 (2002-01-09 edition)."
2002-05-27,,전윤철,부총리 겸 재정경제부 장관,MOEF,"""원화가치가 올라가고 있는 것은 우리경제의 펀더멘털과 실물 경제동향을 반영한 것이나 원화가치 급상승 속도에는 우려하고 있다"" / ""필요하면 대책을 강구할 계획""",curb_appreciation,2,N,N,U,"1,233.80 (5/27 close; 1,240 broken; lowest since 2000-12-21)",https://www.hankookilbo.com/news/article/200205280019273831 ; https://www.hankookilbo.com/news/article/200205290075746687,medium,Reported in 2002-05-28 edition together with the 5/27 close; statement most likely made 5/27 (possibly morning of 5/28). Venue not identified in summary.
2002-05-28,,재정경제부 (관계자),Ministry (unnamed official),MOEF,(paraphrase) 원화가치 상승이 상대적으로 급격한 데 대해 우려하며 시장안정을 위해 필요한 조치를 취할 것; 환율 하락 속도는 늦출 필요가 있으나 하락 추세 자체를 되돌릴 수는 없다는 입장 (시장개입 검토),curb_appreciation,2,N,N,U,"~1,235 (approx.)",https://www.hankookilbo.com/news/article/200205290024430997 ; https://www.hankookilbo.com/news/article/200205290056630306,low,"Paraphrased from search summary of 2002-05-29 edition articles ('정부, 환율 불안 시장 개입 검토', '환율 폭락 진정될까'); exact wording, speaker and date need verification. May duplicate the 5/27 Jeon Yun-churl remark."
2002-07-09,,재정경제부,Ministry decision / announcement,MOEF,"(paraphrase) 당초 계획에 없던 외평채 5,000억원(5년 만기)을 12일 발행하기로 결정하는 등 본격적 환율방어 착수; 외평채 잔액 2조8,000억원 조기발행, 외화부채가 많은 공기업에 달러 조기상환 요청 및 외자유치 연기 요청 등 직간접 시장개입",curb_appreciation,3,N,Y,Y,"1,182.20 (7/9 close; lowest since 2000-11-22; 1,200 broken 7/8)",https://www.hankookilbo.com/news/article/200207100053709386 ; https://www.hankookilbo.com/news/article/200207090071976555 ; https://www.hankookilbo.com/news/article/200207090081714444,medium,"Reported in 2002-07-10 edition; one article says MOEF acted 'on the 10th', so the decision date is 7/9 or 7/10. 7/9 edition ('환율폭락 원인 … 정부 개입 역부족') indicates intervention was already under way on 7/8."
2002-07-10,,김용덕 (및 재경부 관계자),국제업무정책관 (Director-General for International Affairs),MOEF,"재경부 관계자: ""원화의 급격한 '나홀로 강세'는 반드시 그때그때 잡고 넘어갈 것""; 김용덕 국제업무정책관: 최근 환율 급락은 외국인 주식매수에 따른 외화유입 외에 환율 추가하락 기대에 따른 기업들의 리딩·래깅 때문이며 ""이 같은 현상이 증폭돼 비정상적인 환투기로 발전하지 않도록 시장을 주시하고 있다""",curb_appreciation,2,N,N,Y,"~1,180 (approx.)",https://www.hankookilbo.com/news/article/200207110091228325,medium,"Date inferred from 2002-07-11 edition ('정부 원화 나홀로 강세 막는다'). Same week: emergency 500bn-won FX stabilization bond issue and direct/indirect intervention. Subsequent lows: 1,180 broken 7/15, ~1,170 on 7/19 (no quotes retrieved)."
2003-02-06,,김용덕 / 재정경제부,국제업무정책관 / Ministry announcement,MOEF,"정부: 외평채 1조원을 발행해 달러를 매입하는 등 외환수급 조절에 나서겠다고 발표 (잔여 외평채 4조원 조기발행 검토); 김용덕 국제업무정책관: ""원화가 지난 1년간 달러 대비 12% 절상돼 우리 상품의 가격경쟁력이 떨어졌다""",curb_appreciation,3,N,Y,Y,"1,176.7 (2/6 close; near 2002-07-22 low)",https://www.hankookilbo.com/news/article/200302070052967956 ; https://www.hankookilbo.com/news/article/200301160048137892,medium,"Search summary states the announcement was made on 2003-02-06 (2/7 edition). Rationale given: rapidly contracting domestic economy plus falling exchange rate threatening export competitiveness. Earlier, 1/15 rate hit a 5-month low (no quotes retrieved)."
2003-03-11,,정부/재정경제부 (unnamed),Government (unnamed official),MOEF,"(headline/paraphrase) ""환율 상승세 지속땐 정부 '보유달러 매각'"": 환율 상승세가 계속되면 보유 달러를 매각해 시장에 개입하겠다는 방침",curb_depreciation,2,N,N,U,"~1,240-1,255 (approx.; SK Global accounting scandal + Iraq war fears)",https://www.hankookilbo.com/news/article/200303120048828240 ; https://www.hankookilbo.com/news/article/200303130022552287,low,Headline-level only; no quote text retrieved. Date inferred from 2003-03-12 edition. 3/13 edition reports rates up sharply and the won +15 on 3/12 with 2.5tn-won emergency fiscal response.
2003-09-22,,재정경제부,Ministry (defence measures under review),MOEF,"(paraphrase) 외평채 발행한도 증액 등 환율방어책 검토 (헤드라인: ""'외평채 한도 증액' 정부, 환율방어책 검토"")",curb_appreciation,2,N,N,U,"1,151.20 (9/22 close, after Dubai G7 statement of 9/20)",https://www.hankookilbo.com/news/article/200309230049849090 ; https://www.hankookilbo.com/news/article/200309220023395616,low,Headline-level; date inferred from 2003-09-23 edition. Won fell sharply after the G7 Dubai communique calling for flexible exchange rates.
2003-09-24,,김광림 (금융정책협의회 주재),재정경제부 차관 (Vice Minister),MOEF,(paraphrase) 김광림 차관 주재 금융정책협의회: 원·달러 환율 급락 방지를 위해 외평채 발행한도 확대 결정,curb_appreciation,3,N,Y,Y,"~1,150 (approx.)",https://www.hankookilbo.com/news/article/200309250041628838 ; https://www.hankookilbo.com/news/article/200310040047925983,medium,"Search summary explicitly dates the meeting to the 24th (9/25 edition). 금융정책협의회 normally includes a BOK deputy governor, but joint coding not confirmed. 10/4 edition: authorities absorbed ~US$3bn over ten days, defending 1,150 (34-month low 1,150.00 on 10/2). Mid-July 2003 the National Assembly had raised the bond ceiling by 4tn to 9tn won."
2004-01-15,,재정경제부,Ministry regulation announcement,MOEF,(paraphrase) 원화가치 급등을 막기 위해 역외선물환(NDF) 거래 직접규제: 국내 은행의 비거주자 대상 선물환 매입초과포지션을 110%로 제한,curb_appreciation,3,N,Y,U,"~1,180 (approx.)",https://www.hankookilbo.com/news/article/200401160063814686 ; https://www.hankookilbo.com/news/article/200401160083097293 ; https://www.hankookilbo.com/news/article/200401170074993097 ; https://www.hankookilbo.com/news/article/200402190039835349,medium,"Date inferred from 2004-01-16 edition. Regulation was relaxed one month later (reported 2004-02-19, i.e. decided ~2/18) after market complaints. 2/16 edition: authorities buying ~US$1bn almost daily and MOEF announcing a 1tn-won bond issue as 'ammunition'."
2004-01-20,,박승,한국은행 총재 (Governor),BOK,"경제동향간담회: ""국제수지가 양호하고 수출도 잘되고 있어 환율을 시장에 맡겨야 한다"" / ""개입이 지나치면 시장기능이 왜곡되는 것은 물론 각종 대외협상에서 불리할 수 있다""",unclear,1,N,N,U,"~1,180 (approx.)",https://www.hankookilbo.com/news/article/200401210049780843,medium,"COUNTER-SIGNAL: BOK governor publicly argues against excessive intervention (implicitly tolerating appreciation), contradicting MOEF's defence stance. Date inferred from 2004-01-21 edition."
2004-01-29,,재정경제부,보도참고자료 '환율과 관련한 몇가지 오해에 대한 설명',MOEF,"""적정환율을 유지하기 위해서는 당국이 발권력을 동원해서라도 얼마든지 개입할 수 있다"" / ""환율은 중견·중소기업이 버틸 수 있는 수준은 유지해야 한다"" / ""지난해 시장개입은 투기자금 등에 따른 수급불일치를 적절히 해소한 것으로 과도한 조치가 아니었으며, 만일 개입하지 않았다면 지난해 4·4분기 마이너스 성장도 가능했을 것""",curb_appreciation,3,N,Y,U,"~1,175 (approx.; 1,180 broken on 1/27)",https://www.hankookilbo.com/news/article/200401300098318957 ; https://www.hankookilbo.com/news/article/200401280037075179,high,"Search summary dates the release to 2004-01-29 (1/30 edition). Described as highly unusual: an explicit public statement of willingness to intervene, including via money creation."
2004-03-11,,박승,한국은행 총재 (Governor),BOK,"(headline only) ""韓銀총재, 환율 조정 필요성 시사""",unclear,1,N,N,U,"~1,170 (approx.)",https://www.hankookilbo.com/news/article/200403120050962367,low,No quote text retrieved; headline suggests the governor hinted the won should be allowed to adjust (appreciate). Date inferred from 2004-03-12 edition.
2004-11-15,,외환당국 관계자 (unnamed),FX authority official (unnamed),MOEF/BOK (unspecified),"""국내 시장이 너무 과민하게 반응하고 있다""",curb_appreciation,1,N,N,U,"<1,100 (1,100 broken 10 minutes after open; 7-year low)",https://www.hankookilbo.com/news/article/200411160011131110 ; https://www.hankookilbo.com/news/article/200411180099909095 ; https://www.hankookilbo.com/news/article/200411110053840272,medium,"Date inferred from 2004-11-16 edition. Context: KDI data show 1,103 on 11/9; government intervention restored 1,110 on 11/10 (11/11 edition); reserves jumped US$7.7bn in the first half of November (11/18 edition), consistent with heavy intervention."
2004-11-22,AM (emergency breakfast meeting),이헌재 (with 박승),부총리 겸 재정경제부 장관 / 한국은행 총재,MOEF + BOK,"(paraphrase as reported) 이헌재 부총리, 박승 총재와 긴급 조찬: 국제적 달러약세 기조에도 불구하고 원·달러 환율 하락폭이 주변국에 비해 지나치게 커 실물경제의 어려움이 가중되고 있다며 한은이 환율방어에 적극적으로 나서줄 것을 강력히 주문",curb_appreciation,3,Y,Y,Y,"~1,060 (approx.; 1,060 threatened)",https://www.hankookilbo.com/news/article/200411230088877366 ; https://www.hankookilbo.com/news/article/200411230091850661 ; https://www.hankookilbo.com/news/article/200411230021143615,high,"Meeting explicitly dated the 22nd (11/23 edition). FX-stabilization bond ceiling for 2004 effectively exhausted, so intervention required BOK money creation ('돈 더 찍어 환율 방어를'). Authorities bought dollars several times as 1,060 was threatened. 1,050 broke on 11/26 despite repeated intervention; November reserves +US$14.2bn (12/3 edition)."
2004-11-29,,재정경제부,Ministry statement,MOEF,"""원·달러 환율이 지나치게 한 방향으로 치닫고 있다"" / ""이로 인해 환율이 펀더멘털(경제 기초여건)로부터 이탈할 가능성이 있다""; 환율의 급격한 하락에 대해 한국은행과 공조해 적극적으로 대응할 방침",curb_appreciation,2,N,Y,U,"~1,045 (approx.; 1,050 broken 11/26)",https://www.hankookilbo.com/news/article/200411300064365351 ; https://www.hankookilbo.com/news/article/200411230091850661,low,"ATTRIBUTION CAVEAT: the search summary merged the 11/23-edition articles with the 11/30-edition brief ('정부, 외환시장 적극 개입 시사'); the quoted MOEF sentences most likely belong to the 11/29 statement, but could be from 11/22. If verification shows they are from 11/22, merge with that event. Coordination with BOK is referenced but this is not a joint statement."
